Item,Diagnosis
'ORS (ORAL REHYDRATION SALT)','Acute Diarrheal Disease'
'ORS (ORAL REHYDRATION SALT)','Acute Diarrheal Disease'
'ORS (ORAL REHYDRATION SALT)','Acute Diarrheal Disease'
'ORS (ORAL REHYDRATION SALT)','Acute Diarrheal Disease'
'ORS (ORAL REHYDRATION SALT)','Acute Diarrheal Disease'
'ORS (ORAL REHYDRATION SALT)','Acute Diarrheal Disease'
'SINUFED SYR','Acute Diarrheal Disease'
'ORS (ORAL REHYDRATION SALT)','Acute Diarrheal Disease'
'ORS (ORAL REHYDRATION SALT)','Acute Diarrheal Disease'
'ORS (ORAL REHYDRATION SALT)','Acute Diarrheal Disease'
'SINUFED SYR','Acute Diarrheal Disease'
'SINUFED SYR','Acute Diarrheal Disease'
'ORS (ORAL REHYDRATION SALT)','Acute Diarrheal Disease'
'ORS (ORAL REHYDRATION SALT)','Acute Diarrheal Disease'
'ZINC 50MG TAB','Acute Diarrheal Disease'
'ORS (ORAL REHYDRATION SALT)','Acute Diarrheal Disease'
'ORS (ORAL REHYDRATION SALT)','Acute Diarrheal Disease'
'ORS (ORAL REHYDRATION SALT)','Acute Diarrheal Disease'
'ORS (ORAL REHYDRATION SALT)','Acute Diarrheal Disease'
'ORS (ORAL REHYDRATION SALT)','Acute Diarrheal Disease'
'ORS (ORAL REHYDRATION SALT)','Acute Diarrheal Disease'
'ORS (ORAL REHYDRATION SALT)','Acute Diarrheal Disease'
'ORS (ORAL REHYDRATION SALT)','Acute Diarrheal Disease'
'ORS (ORAL REHYDRATION SALT)','Acute Diarrheal Disease'
'ORS (ORAL REHYDRATION SALT)','Acute Diarrheal Disease'
'ORS (ORAL REHYDRATION SALT)','Acute Diarrheal Disease'
'ORS (ORAL REHYDRATION SALT)','Acute Diarrheal Disease'
'ORS (ORAL REHYDRATION SALT)','Acute Diarrheal Disease'
'ORS (ORAL REHYDRATION SALT)','Acute Diarrheal Disease'
'ORS (ORAL REHYDRATION SALT)','Acute Diarrheal Disease'
'ORS (ORAL REHYDRATION SALT)','Acute Diarrheal Disease'
'ORS (ORAL REHYDRATION SALT)','Acute Diarrheal Disease'
'ZINC 50MG TAB','Acute Diarrheal Disease'
'ZINC 50MG TAB','Acute Diarrheal Disease'
'ORS (ORAL REHYDRATION SALT)','Acute Diarrheal Disease'
'ORS (ORAL REHYDRATION SALT)','Acute Diarrheal Disease'
'ORS (ORAL REHYDRATION SALT)','Acute Diarrheal Disease'
'ZINC 50MG TAB','Acute Diarrheal Disease'
'ORS (ORAL REHYDRATION SALT)','Acute Diarrheal Disease'
'ORS (ORAL REHYDRATION SALT)','Acute Diarrheal Disease'
'ORS (ORAL REHYDRATION SALT)','Acute Diarrheal Disease'
'ORS (ORAL REHYDRATION SALT)','Acute Diarrheal Disease'
'ORS (ORAL REHYDRATION SALT)','Acute Diarrheal Disease'
'ORS (ORAL REHYDRATION SALT)','Acute Diarrheal Disease'
'ORS (ORAL REHYDRATION SALT)','Acute Diarrheal Disease'
'ORS (ORAL REHYDRATION SALT)','Acute Diarrheal Disease'
'ORS (ORAL REHYDRATION SALT)','Acute Diarrheal Disease'
'ZINC 50MG TAB','Acute Diarrheal Disease'
'ORS (ORAL REHYDRATION SALT)','Acute Diarrheal Disease'
'ORS (ORAL REHYDRATION SALT)','Acute Diarrheal Disease'
'ORS (ORAL REHYDRATION SALT)','Acute Diarrheal Disease'
'ZINC 50MG TAB','Acute Diarrheal Disease'
'ORS (ORAL REHYDRATION SALT)','Acute Diarrheal Disease'
'ORS (ORAL REHYDRATION SALT)','Acute Diarrheal Disease'
'ZINC 50MG TAB','Acute Diarrheal Disease'
'ORS (ORAL REHYDRATION SALT)','Acute Diarrheal Disease'
'ZINC DISPERSIBLE 20MG         ','Acute Diarrheal Disease'
'ORS (ORAL REHYDRATION SALT)','Acute Diarrheal Disease'
'ORS (ORAL REHYDRATION SALT)','Acute Diarrheal Disease'
'ORS (ORAL REHYDRATION SALT)','Acute Diarrheal Disease'
'ORS (ORAL REHYDRATION SALT)','Acute Diarrheal Disease'
'ZINC 50MG TAB','Acute Diarrheal Disease'
'ORS (ORAL REHYDRATION SALT)','Acute Diarrheal Disease'
'ZINC 50MG TAB','Acute Diarrheal Disease'
'ORS (ORAL REHYDRATION SALT)','Acute Diarrheal Disease'
'ORS (ORAL REHYDRATION SALT)','Acute Diarrheal Disease'
'ORS (ORAL REHYDRATION SALT)','Acute Diarrheal Disease'
'ORS (ORAL REHYDRATION SALT)','Acute Diarrheal Disease'
'ORS (ORAL REHYDRATION SALT)','Acute Diarrheal Disease'
'ORS (ORAL REHYDRATION SALT)','Acute Diarrheal Disease'
'ANTALLERGE EYE DROP',Conjunctivitis
'Brimonidine 0.2\% Eyedrop',Conjunctivitis
'ANTALLERGE EYE DROP',Conjunctivitis
Idoxuridine,Conjunctivitis
'Neomycin sulfate + Polymyxin B + Dexamethasone',Conjunctivitis
'Neomycin sulfate + Polymyxin B + Dexamethasone',Conjunctivitis
'GENTAMICIN EYE&EAR DROP',Conjunctivitis
Idoxuridine,Conjunctivitis
Chloramphenicol,Conjunctivitis
Chloramphenicol,Conjunctivitis
Prednisolone,Conjunctivitis
'Neomycin sulfate + Polymyxin B + Dexamethasone',Conjunctivitis
Chloramphenicol,Conjunctivitis
'ANTALLERGE EYE DROP',Conjunctivitis
'ANTALLERGE EYE DROP',Conjunctivitis
'BETADRONE N EYE/EAR DROP [BETAMETHASONE + NEOMYCIN]',Conjunctivitis
Fluconazole,Conjunctivitis
Fluconazole,Conjunctivitis
'Brimonidine 0.2\% Eyedrop',Conjunctivitis
Chloramphenicol,Conjunctivitis
'ANTALLERGE EYE DROP',Conjunctivitis
Natamycin,Conjunctivitis
Fluconazole,Conjunctivitis
Lodoxamide,Conjunctivitis
'Oxytetracycline plus Polymyxin B',Conjunctivitis
'Oxytetracycline plus Polymyxin B',Conjunctivitis
Acyclovir,Conjunctivitis
Ciprofloxacin,Conjunctivitis
Chloramphenicol,Conjunctivitis
Natamycin,Conjunctivitis
Gentamicin,Conjunctivitis
'ANTALLERGE EYE DROP',Conjunctivitis
'Neomycin sulfate + Polymyxin B + Dexamethasone',Conjunctivitis
Ciprofloxacin,Conjunctivitis
Gentamicin,Conjunctivitis
'GENTAMICIN EYE&EAR DROP',Conjunctivitis
Chloramphenicol,Conjunctivitis
'ANTALLERGE EYE DROP',Conjunctivitis
Natamycin,Conjunctivitis
Ciprofloxacin,Conjunctivitis
'ANTALLERGE EYE DROP',Conjunctivitis
'ANTALLERGE EYE DROP',Conjunctivitis
Prednisolone,Conjunctivitis
'GENTAMICIN EYE&EAR DROP',Conjunctivitis
'Sodium cromoglycate 2\% Eyedrop',Conjunctivitis
Lodoxamide,Conjunctivitis
Fluconazole,Conjunctivitis
Miconazole,Conjunctivitis
'GENTAMICIN EYE&EAR DROP',Conjunctivitis
Ofloxacin,Conjunctivitis
Acyclovir,Conjunctivitis
Miconazole,Conjunctivitis
Prednisolone,Conjunctivitis
'Brimonidine 0.2\% Eyedrop',Conjunctivitis
Natamycin,Conjunctivitis
'Brimonidine 0.2\% Eyedrop',Conjunctivitis
'ANTALLERGE EYE DROP',Conjunctivitis
Idoxuridine,Conjunctivitis
'GENTAMICIN EYE&EAR DROP',Conjunctivitis
'GENTAMICIN EYE&EAR DROP',Conjunctivitis
Fluconazole,Conjunctivitis
'GENTAMICIN EYE&EAR DROP',Conjunctivitis
'BETADRONE N EYE/EAR DROP [BETAMETHASONE + NEOMYCIN]',Conjunctivitis
Acyclovir,Conjunctivitis
'GENTAMICIN EYE&EAR DROP',Conjunctivitis
'ANTALLERGE EYE DROP',Conjunctivitis
Prednisolone,Conjunctivitis
Gentamicin,Conjunctivitis
'ANTALLERGE EYE DROP',Conjunctivitis
'ANTALLERGE EYE DROP',Conjunctivitis
'HYDROCORTISONE CREAM',Allergy
'MONTELUKAST 10MG ',Allergy
Hydrocortisone,Allergy
'LEVOCETRIZINE HCL 5MG TAB',Allergy
Hydrocortisone,Allergy
'HYDROCORTISONE CREAM',Allergy
Fludrocortisone,Allergy
'Azathioprine (Restricted)',Allergy
'Azathioprine (Restricted)',Allergy
'HYDROCORTISONE CREAM',Allergy
Hydrocortisone,Allergy
Fludrocortisone,Allergy
Triamcinolone,Allergy
Dexamethasone,Allergy
'Methotrexate (restricted)',Allergy
'MONTELUKAST 10MG ',Allergy
'LEVOCETRIZINE HCL 5MG TAB',Allergy
'MONTELUKAST 10MG ',Allergy
'HYDROCORTISONE CREAM',Allergy
Prednisolone,Allergy
Triamcinolone,Allergy
Fludrocortisone,Allergy
Hydrocortisone,Allergy
'HYDROCORTISONE CREAM',Allergy
'HYDROCORTISONE CREAM',Allergy
'CETRIZINE HCL 5MG/5ML SYR',Allergy
'HYDROCORTISONE CREAM',Allergy
Dexamethasone,Allergy
Dexamethasone,Allergy
Triamcinolone,Allergy
Prednisolone,Allergy
'Azathioprine (Restricted)',Allergy
'HYDROCORTISONE CREAM',Allergy
'HYDROCORTISONE CREAM',Allergy
'CETRIZINE HCL 5MG/5ML SYR',Allergy
'AVAMYS 27.5MICRO NASAL SPRAY',Allergy
Prednisolone,Allergy
Hydrocortisone,Allergy
Triamcinolone,Allergy
'Methyl prednisolone',Allergy
Hydrocortisone,Allergy
'MONTELUKAST 10MG ',Allergy
Hydrocortisone,Allergy
Hydrocortisone,Allergy
Fludrocortisone,Allergy
Hydrocortisone,Allergy
'HYDROCORTISONE CREAM',Allergy
'Methotrexate (restricted)',Allergy
'MONTELUKAST 10MG ',Allergy
Hydrocortisone,Allergy
Prednisolone,Allergy
'MONTELUKAST 10MG ',Allergy
'Methyl prednisolone',Allergy
Hydrocortisone,Allergy
Hydrocortisone,Allergy
'Methotrexate (restricted)',Allergy
Prednisolone,Allergy
Dexamethasone,Allergy
'AVAMYS 27.5MICRO NASAL SPRAY',Allergy
'HYDROCORTISONE CREAM',Allergy
Dexamethasone,Allergy
'HYDROCORTISONE CREAM',Allergy
'HYDROCORTISONE CREAM',Allergy
Dexamethasone,Allergy
'Azathioprine (Restricted)',Allergy
'Azathioprine (Restricted)',Allergy
'LEVOCETRIZINE HCL 5MG TAB',Allergy
Hydrocortisone,Allergy
Dexamethasone,Allergy
Triamcinolone,Allergy
D-Dimer,Anemia
'Folic Acid',Anemia
'Fresh Frozen plasma',Anemia
'Indirect Coomb’s Test',Anemia
'Fresh Frozen plasma',Anemia
PCV,Anemia
'Blood Group (ABO & Rh typing)',Anemia
PCV,Anemia
PCV,Anemia
'Prothrombin Time (PT)',Anemia
D-Dimer,Anemia
'CROSS MATCHING & GROUPING',Anemia
Dipyridamole,Anemia
PCV,Anemia
'Cyanocobalamin/ Hydroxocobalamin',Anemia
'Vitamin B12',Anemia
D-Dimer,Anemia
Homocysteine,Anemia
Folate,Anemia
'Screening of Donor Blood',Anemia
D-Dimer,Anemia
'Partial Prothrombin Time (PTT)',Anemia
'Bleeding Time',Anemia
Homocysteine,Anemia
'Prothrombin Time with Kaolin (PTTK)',Anemia
'G-6-PD Screening',Anemia
'G-6-PD Screening',Anemia
'Cyanocobalamin/ Hydroxocobalamin',Anemia
'Screening of Donor Blood',Anemia
'Vitamin B12',Anemia
'Blood gas Analysis',Anemia
Fibrinogen,Anemia
'Exchange blood transfusion',Anemia
Dipyridamole,Anemia
PCV,Anemia
'Blood Group (ABO & Rh typing)',Anemia
'Exchange blood transfusion',Anemia
'Ferrous Sulphate',Anemia
'Packed Cell Volume (PCV)',Anemia
'Clotting Time',Anemia
'Haemoglobin (HB)',Anemia
'Partial Prothrombin Time (PTT)',Anemia
'CROSS MATCHING & GROUPING',Anemia
'Bone Marrow Examination',Anemia
PCV,Anemia
PCV,Anemia
'Ferric Ammonium Citrate',Anemia
PCV,Anemia
'Partial Prothrombin Time (PTT)',Anemia
PCV,Anemia
'Blood gas Analysis',Anemia
D-Dimer,Anemia
'Blood giving set',Anemia
'Exchange blood transfusion',Anemia
'CROSS MATCHING & GROUPING',Anemia
'Indirect Coomb’s Test',Anemia
'Bleeding Time',Anemia
'CROSS MATCHING & GROUPING',Anemia
'Ferrous Sulphate',Anemia
Ferritin,Anemia
'Clotting Time',Anemia
PCV,Anemia
'Blood Group (ABO & Rh typing)',Anemia
'Clotting Time',Anemia
'CROSS MATCHING & GROUPING',Anemia
'Blood giving set',Anemia
'Reticulocyte Count',Anemia
'Partial Prothrombin Time (PTT)',Anemia
'Packed Cell Volume (PCV)',Anemia
'Vitamin D',Anemia
'CELECOXIB 200MG CAP (CELEBREX)',Arthritis
'CELECOXIB 200MG CAP (CELEBREX)',Arthritis
'NEUROGESIC CREAM (METHLYSALLICYLATE)',Arthritis
Aceclofenac,Arthritis
'NEUROGESIC CREAM (METHLYSALLICYLATE)',Arthritis
'CELECOXIB 200MG CAP (CELEBREX)',Arthritis
'CELECOXIB 200MG CAP (CELEBREX)',Arthritis
'CELECOXIB 200MG CAP (CELEBREX)',Arthritis
'CELECOXIB 200MG CAP (CELEBREX)',Arthritis
'CELECOXIB 200MG CAP (CELEBREX)',Arthritis
'CELECOXIB 200MG CAP (CELEBREX)',Arthritis
Tenoxicam,Arthritis
Ketoprofen,Arthritis
Piroxicam,Arthritis
'CELECOXIB 200MG CAP (CELEBREX)',Arthritis
'CELECOXIB 200MG CAP (CELEBREX)',Arthritis
'Meloxicam 7.5mg Capsule',Arthritis
'CELECOXIB 200MG CAP (CELEBREX)',Arthritis
'NEUROGESIC CREAM (METHLYSALLICYLATE)',Arthritis
'CELECOXIB 200MG CAP (CELEBREX)',Arthritis
'DICLOFENAC 50MG TAB',Arthritis
Celecoxib,Arthritis
'NEUROGESIC CREAM (METHLYSALLICYLATE)',Arthritis
'Diclofenac (sodium or potassium salt)',Arthritis
Aceclofenac,Arthritis
'CELECOXIB 200MG CAP (CELEBREX)',Arthritis
'Codeine/Paracetamol(30/500mg) tab',Arthritis
'Diclofenac (sodium or potassium salt)',Arthritis
'Diclofenac sodium + Cholestyramine',Arthritis
'CELECOXIB 200MG CAP (CELEBREX)',Arthritis
'Chondroitin sulphate+ Glucoseamine',Arthritis
'CELECOXIB 200MG CAP (CELEBREX)',Arthritis
'CELECOXIB 200MG CAP (CELEBREX)',Arthritis
'CELECOXIB 200MG CAP (CELEBREX)',Arthritis
'CELECOXIB 200MG CAP (CELEBREX)',Arthritis
'CELECOXIB 200MG CAP (CELEBREX)',Arthritis
'CELECOXIB 200MG CAP (CELEBREX)',Arthritis
'CELECOXIB 200MG CAP (CELEBREX)',Arthritis
'Diclofenac 50mg Suppository',Arthritis
'CELECOXIB 200MG CAP (CELEBREX)',Arthritis
'CELECOXIB 200MG CAP (CELEBREX)',Arthritis
'Aceclofenac + paracetamol + Serratiopeptidase',Arthritis
'DICLOFENAC 50MG TAB',Arthritis
'CELECOXIB 200MG CAP (CELEBREX)',Arthritis
'CELECOXIB 200MG CAP (CELEBREX)',Arthritis
'Meloxicam 15mg Capsule',Arthritis
'CELECOXIB 200MG CAP (CELEBREX)',Arthritis
'Meloxicam 15mg Capsule',Arthritis
'Diclofenac sodium',Arthritis
'CELECOXIB 200MG CAP (CELEBREX)',Arthritis
Tenoxicam,Arthritis
'CELECOXIB 200MG CAP (CELEBREX)',Arthritis
'CELECOXIB 200MG CAP (CELEBREX)',Arthritis
Aceclofenac,Arthritis
Aceclofenac,Arthritis
'CELECOXIB 200MG CAP (CELEBREX)',Arthritis
'CELECOXIB 200MG CAP (CELEBREX)',Arthritis
Tenoxicam,Arthritis
'CELECOXIB 200MG CAP (CELEBREX)',Arthritis
'CELECOXIB 200MG CAP (CELEBREX)',Arthritis
Ibuprofen,Arthritis
'CELECOXIB 200MG CAP (CELEBREX)',Arthritis
'CELECOXIB 200MG CAP (CELEBREX)',Arthritis
'Diclofenac sodium + Cholestyramine',Arthritis
'Aceclofenac + paracetamol + Serratiopeptidase',Arthritis
'CELECOXIB 200MG CAP (CELEBREX)',Arthritis
'Meloxicam 7.5mg Capsule',Arthritis
'Diclofenac sodium + misoprostol',Arthritis
'NEUROGESIC CREAM (METHLYSALLICYLATE)',Arthritis
'Diclofenac (sodium or potassium salt)',Arthritis
'Salbutamol 5mg Nebules',Asthma
Beclomethasone,Asthma
Aminophylline,Asthma
Aminophylline,Asthma
'Salbutamol 5mg Nebules',Asthma
'Ephedrine + Theophylline',Asthma
'Salbutamol 5mg Nebules',Asthma
'Ephedrine + Theophylline',Asthma
'SALBUTAMOL  2MG SYRUP',Asthma
'Ephedrine + Theophylline',Asthma
'Salbutamol 5mg Nebules',Asthma
'Ipratropium bromide',Asthma
Beclomethasone,Asthma
Beclomethasone,Asthma
Beclomethasone,Asthma
Beclomethasone,Asthma
'Ipratropium bromide',Asthma
'Ipratropium bromide',Asthma
Hydrocortisone,Asthma
'Salbutamol 5mg Nebules',Asthma
Beclomethasone,Asthma
Aminophylline,Asthma
'Ephedrine + Theophylline',Asthma
'Ipratropium bromide',Asthma
Beclomethasone,Asthma
'SALBUTAMOL  2MG SYRUP',Asthma
'Ipratropium bromide',Asthma
Beclomethasone,Asthma
Aminophylline,Asthma
'SALBUTAMOL  2MG SYRUP',Asthma
'Ephedrine + Theophylline',Asthma
'SALBUTAMOL  2MG SYRUP',Asthma
'Ephedrine + Theophylline',Asthma
Aminophylline,Asthma
'SALBUTAMOL  2MG SYRUP',Asthma
'Ephedrine + Theophylline',Asthma
Aminophylline,Asthma
Hydrocortisone,Asthma
Beclomethasone,Asthma
Aminophylline,Asthma
'Salbutamol 5mg Nebules',Asthma
Hydrocortisone,Asthma
'SALBUTAMOL  2MG SYRUP',Asthma
Aminophylline,Asthma
'Ephedrine + Theophylline',Asthma
'Ephedrine + Theophylline',Asthma
'Salbutamol 5mg Nebules',Asthma
Beclomethasone,Asthma
'SALBUTAMOL  2MG SYRUP',Asthma
'Ipratropium bromide',Asthma
'SALBUTAMOL  2MG SYRUP',Asthma
'SALBUTAMOL  2MG SYRUP',Asthma
'SALBUTAMOL  2MG SYRUP',Asthma
'Ephedrine + Theophylline',Asthma
Hydrocortisone,Asthma
Aminophylline,Asthma
'SALBUTAMOL  2MG SYRUP',Asthma
Aminophylline,Asthma
'Salbutamol 5mg Nebules',Asthma
'SALBUTAMOL  2MG SYRUP',Asthma
Hydrocortisone,Asthma
'Ipratropium bromide',Asthma
Hydrocortisone,Asthma
Hydrocortisone,Asthma
'Ipratropium bromide',Asthma
Hydrocortisone,Asthma
'Ephedrine + Theophylline',Asthma
Beclomethasone,Asthma
'Ephedrine + Theophylline',Asthma
'SALBUTAMOL  2MG SYRUP',Asthma
'AZITHROMYCIN 200MG/5ML SUSP',Sepsis
'AUGMENTIN 625MG TAB X 14',Sepsis
'FBC CBC-Complete Blood Count (Haemogram) - [Blood]',Sepsis
Doxycycline,Sepsis
'AMPICILLIN CLOXACILLIN 250MG/5ML SUSP',Sepsis
'NEEDLE & SYRINGE 5ML',Sepsis
'Imipenem + Cilastin 500mg Injection',Sepsis
'NEEDLE & SYRINGE 2ML',Sepsis
'METRONIDAZOLE 200MG TAB X1000',Sepsis
'AUGMENTIN 228MG/5ML SUSP',Sepsis
'AUGMENTIN 625MG TAB X 14',Sepsis
'CEFIXIME SUSP 100MG/5ML       ',Sepsis
'CEFUROXIME 125MG/5ML SUSP',Sepsis
'Ampicillin + Cloxacillin',Sepsis
'NEEDLE & SYRINGE 5ML',Sepsis
'AUGMENTIN 625MG TAB X 14',Sepsis
'FBC CBC-Complete Blood Count (Haemogram) - [Blood]',Sepsis
'AZITHROMYCIN 200MG/5ML SUSP',Sepsis
'Microscopy, Culture & Sensitivity [Sputum]',Sepsis
'FBC CBC-Complete Blood Count (Haemogram) - [Blood]',Sepsis
'FBC CBC-Complete Blood Count (Haemogram) - [Blood]',Sepsis
'FBC CBC-Complete Blood Count (Haemogram) - [Blood]',Sepsis
'AZITHROMYCIN 500MG CAPS x 3',Sepsis
'DEXTROSE SALINE 4.3\%',Sepsis
'NEEDLE & SYRINGE 5ML',Sepsis
Needle,Sepsis
'NEEDLE & SYRINGE 5ML',Sepsis
'CIPROFLOXACIN 500MG TAB X 10',Sepsis
'AUGMENTIN 625MG TAB X 14',Sepsis
Cefotaxime,Sepsis
'GIVING SET',Sepsis
'WATER FOR INJECTION',Sepsis
'NEEDLE & SYRINGE 10ML',Sepsis
'AUGMENTIN 228MG/5ML SUSP',Sepsis
'METRONIDAZOLE 200MG TAB X1000',Sepsis
'AUGMENTIN 228MG/5ML SUSP',Sepsis
'FBC CBC-Complete Blood Count (Haemogram) - [Blood]',Sepsis
'AUGMENTIN 625MG TAB X 14',Sepsis
'FBC CBC-Complete Blood Count (Haemogram) - [Blood]',Sepsis
'METRONIDAZOLE 200MG SUSP',Sepsis
'DEXTROSE SALINE 5\%',Sepsis
'GIVING SET',Sepsis
'FBC CBC-Complete Blood Count (Haemogram) - [Blood]',Sepsis
'CEFIXIME SUSP 100MG/5ML       ',Sepsis
'NEEDLE & SYRINGE 5ML',Sepsis
'NEEDLE & SYRINGE 5ML',Sepsis
'NORMAL SALINE 0.9\%',Sepsis
'NEEDLE & SYRINGE 5ML',Sepsis
'FBC CBC-Complete Blood Count (Haemogram) - [Blood]',Sepsis
'CEFTRIAXONE 1GM INJ',Sepsis
'EXAMINATION GLOVES X100',Sepsis
'FBC CBC-Complete Blood Count (Haemogram) - [Blood]',Sepsis
Nylon,Sepsis
'AMOXICILLIN 500MG CAP',Sepsis
'GIVING SET',Sepsis
'CANNULAR BLUE',Sepsis
'FBC CBC-Complete Blood Count (Haemogram) - [Blood]',Sepsis
'CEFTRIAXONE 1GM INJ',Sepsis
'GIVING SET',Sepsis
'FBC CBC-Complete Blood Count (Haemogram) - [Blood]',Sepsis
'NEEDLE & SYRINGE 5ML',Sepsis
'CEFIXIME SUSP 100MG/5ML       ',Sepsis
'AZITHROMYCIN 500MG CAPS x 3',Sepsis
'FBC CBC-Complete Blood Count (Haemogram) - [Blood]',Sepsis
'FBC CBC-Complete Blood Count (Haemogram) - [Blood]',Sepsis
'Cefpodoxime 40mg/5ml Suspension',Sepsis
'DEXTROSE WATER 5\%',Sepsis
'METRONIDAZOLE 500MG/100ML INFUSION  ',Sepsis
' CEFUROXIME 500MG TAB',Sepsis
'FBC CBC-Complete Blood Count (Haemogram) - [Blood]',Sepsis
Nitrazepam,'Depressive Illness + Anxiety Disorder'
Citalopram,'Depressive Illness + Anxiety Disorder'
'Gabapentin + Methylcobalamin','Depressive Illness + Anxiety Disorder'
Imipramine,'Depressive Illness + Anxiety Disorder'
'Risperidone 2mg Tablet','Depressive Illness + Anxiety Disorder'
Nitrazepam,'Depressive Illness + Anxiety Disorder'
'AMITRIPTYLINE 25MG TAB','Depressive Illness + Anxiety Disorder'
'Zopiclone 7.5mg Tablet','Depressive Illness + Anxiety Disorder'
'Carbamazepine (plain/SR)','Depressive Illness + Anxiety Disorder'
'Clonazepam 2mg Tablet','Depressive Illness + Anxiety Disorder'
Nitrazepam,'Depressive Illness + Anxiety Disorder'
'Clonazepam 2mg Tablet','Depressive Illness + Anxiety Disorder'
'Midazolam 15mg Injection','Depressive Illness + Anxiety Disorder'
'Zopiclone 7.5mg Tablet','Depressive Illness + Anxiety Disorder'
Carbamazepine,'Depressive Illness + Anxiety Disorder'
Gabapentin,'Depressive Illness + Anxiety Disorder'
Morphine,'Depressive Illness + Anxiety Disorder'
'Escitalopram 10mg Tablet','Depressive Illness + Anxiety Disorder'
Imipramine,'Depressive Illness + Anxiety Disorder'
Carbamazepine,'Depressive Illness + Anxiety Disorder'
Olanzapine,'Depressive Illness + Anxiety Disorder'
Fluoxetine,'Depressive Illness + Anxiety Disorder'
Fluoxetine,'Depressive Illness + Anxiety Disorder'
Clomipramine,'Depressive Illness + Anxiety Disorder'
'Carbamazepine (plain/SR)','Depressive Illness + Anxiety Disorder'
'AMITRIPTYLINE 25MG TAB','Depressive Illness + Anxiety Disorder'
Gabapentin,'Depressive Illness + Anxiety Disorder'
Bromazepam,'Depressive Illness + Anxiety Disorder'
Chlorpromazine,'Depressive Illness + Anxiety Disorder'
'DIAZEPAM 10MG INJ','Depressive Illness + Anxiety Disorder'
Chlorpromazine,'Depressive Illness + Anxiety Disorder'
Paroxetine,'Depressive Illness + Anxiety Disorder'
Moclobemide,'Depressive Illness + Anxiety Disorder'
'Zopiclone 7.5mg Tablet','Depressive Illness + Anxiety Disorder'
Fluoxetine,'Depressive Illness + Anxiety Disorder'
'Zopiclone 7.5mg Tablet','Depressive Illness + Anxiety Disorder'
Bromazepam,'Depressive Illness + Anxiety Disorder'
Amitriptyline,'Depressive Illness + Anxiety Disorder'
Moclobemide,'Depressive Illness + Anxiety Disorder'
'Midazolam 15mg Injection','Depressive Illness + Anxiety Disorder'
'AMITRIPTYLINE 25MG TAB','Depressive Illness + Anxiety Disorder'
Paroxetine,'Depressive Illness + Anxiety Disorder'
Imipramine,'Depressive Illness + Anxiety Disorder'
Flunitrazepam,'Depressive Illness + Anxiety Disorder'
'AMITRIPTYLINE 25MG TAB','Depressive Illness + Anxiety Disorder'
Lorazepam,'Depressive Illness + Anxiety Disorder'
Fluoxetine,'Depressive Illness + Anxiety Disorder'
Bromazepam,'Depressive Illness + Anxiety Disorder'
Morphine,'Depressive Illness + Anxiety Disorder'
Flunitrazepam,'Depressive Illness + Anxiety Disorder'
Citalopram,'Depressive Illness + Anxiety Disorder'
Diazepam,'Depressive Illness + Anxiety Disorder'
Moclobemide,'Depressive Illness + Anxiety Disorder'
Imipramine,'Depressive Illness + Anxiety Disorder'
Chlorpromazine,'Depressive Illness + Anxiety Disorder'
Clomipramine,'Depressive Illness + Anxiety Disorder'
Gabapentin,'Depressive Illness + Anxiety Disorder'
Clomipramine,'Depressive Illness + Anxiety Disorder'
Citalopram,'Depressive Illness + Anxiety Disorder'
'Carbamazepine (plain/SR)','Depressive Illness + Anxiety Disorder'
'Zopiclone 7.5mg Tablet','Depressive Illness + Anxiety Disorder'
Paroxetine,'Depressive Illness + Anxiety Disorder'
Lorazepam,'Depressive Illness + Anxiety Disorder'
'Risperidone 2mg Tablet','Depressive Illness + Anxiety Disorder'
Amitriptyline,'Depressive Illness + Anxiety Disorder'
Olanzapine,'Depressive Illness + Anxiety Disorder'
'Risperidone 2mg Tablet','Depressive Illness + Anxiety Disorder'
Chlorpromazine,'Depressive Illness + Anxiety Disorder'
Imipramine,'Depressive Illness + Anxiety Disorder'
Amitriptyline,'Depressive Illness + Anxiety Disorder'
Neomycin-Bacitracin,Dermatophytosis
'Sulphur + Mesulphen',Dermatophytosis
Clotrimazole,Dermatophytosis
Neomycin-Bacitracin,Dermatophytosis
Clobetasone,Dermatophytosis
Clotrimazole,Dermatophytosis
Hydrocortisone,Dermatophytosis
Miconazole,Dermatophytosis
Betamethasone,Dermatophytosis
'Calamine + Zinc oxide',Dermatophytosis
Tioconazole,Dermatophytosis
'NIZORAL CREAM',Dermatophytosis
Miconazole,Dermatophytosis
Ketoconazole,Dermatophytosis
Miconazole,Dermatophytosis
Nystatin,Dermatophytosis
Miconazole,Dermatophytosis
Nystatin,Dermatophytosis
Tioconazole,Dermatophytosis
'KETOCONAZOLE CREAM GENERIC',Dermatophytosis
Hydrocortisone,Dermatophytosis
Miconazole,Dermatophytosis
'Calamine + Zinc oxide',Dermatophytosis
Nystatin,Dermatophytosis
'Aluminium diacetate',Dermatophytosis
Betamethasone,Dermatophytosis
'HYDROCORTISONE CREAM',Dermatophytosis
Hydrocortisone,Dermatophytosis
'Metronidazole, Clotrimazole, Lactobacillus spores pessary',Dermatophytosis
Tioconazole,Dermatophytosis
'Benzoyl Peroxide',Dermatophytosis
'NIZORAL CREAM',Dermatophytosis
Clotrimazole,Dermatophytosis
'KETOCONAZOLE CREAM GENERIC',Dermatophytosis
Clotrimazole,Dermatophytosis
Tioconazole,Dermatophytosis
'HYDROCORTISONE CREAM',Dermatophytosis
Clobetasone,Dermatophytosis
Clobetasone,Dermatophytosis
'Clobetasol propionate',Dermatophytosis
Neomycin-Bacitracin,Dermatophytosis
Betamethasone,Dermatophytosis
Neomycin-Bacitracin,Dermatophytosis
'NIZORAL CREAM',Dermatophytosis
Clotrimazole,Dermatophytosis
'KETOCONAZOLE CREAM GENERIC',Dermatophytosis
Neomycin-Bacitracin,Dermatophytosis
'Aluminium diacetate',Dermatophytosis
Fluocinolone,Dermatophytosis
Neomycin-Bacitracin,Dermatophytosis
Miconazole,Dermatophytosis
Clotrimazole,Dermatophytosis
Miconazole,Dermatophytosis
Clobetasone,Dermatophytosis
Betamethasone,Dermatophytosis
'Terbinafine 1\% Cream',Dermatophytosis
Neomycin-Bacitracin,Dermatophytosis
Nystatin,Dermatophytosis
'Benzoyl Peroxide',Dermatophytosis
Miconazole,Dermatophytosis
Betamethasone,Dermatophytosis
'Calamine Lotion',Dermatophytosis
Miconazole,Dermatophytosis
Neomycin-Bacitracin,Dermatophytosis
Clotrimazole,Dermatophytosis
Miconazole,Dermatophytosis
'DERMAZIN CREAM (SILVER SULFADIAZINE)',Dermatophytosis
'Clobetasol propionate',Dermatophytosis
'Methyl Salicylate',Dermatophytosis
'DERMAZIN CREAM (SILVER SULFADIAZINE)',Dermatophytosis
'Metformin + Glabenclamide','Diabetes Mellitus'
'Insulin Glargine (Lantus)','Diabetes Mellitus'
'Glycated Haemoglobin (HbA1c) - [Blood]','Diabetes Mellitus'
'Insulin Glargine (Lantus)','Diabetes Mellitus'
'Insulin 30/70 Pen refill cartridges (3ml)','Diabetes Mellitus'
'Isophane Insulin','Diabetes Mellitus'
Glucagon,'Diabetes Mellitus'
'Insulin Glargine (Lantus)','Diabetes Mellitus'
'Protamine Zinc Insulin','Diabetes Mellitus'
'Isophane Insulin','Diabetes Mellitus'
'Metformin + Glabenclamide','Diabetes Mellitus'
Chlorpropamide,'Diabetes Mellitus'
'Insulin Zinc Suspension (I.Z.S)','Diabetes Mellitus'
'Insulin needles','Diabetes Mellitus'
'Glycated Haemoglobin (HbA1c) - [Blood]','Diabetes Mellitus'
Metformin,'Diabetes Mellitus'
'Blood Sugar Fasting - [Plasma]','Diabetes Mellitus'
'Pioglitazone Hydrochloride','Diabetes Mellitus'
Empagliflozin,'Diabetes Mellitus'
'Blood Sugar Fasting - [Plasma]','Diabetes Mellitus'
'Insulin Soluble','Diabetes Mellitus'
'Insulin soluble refill cartridges (3ml)','Diabetes Mellitus'
'Glycated Haemoglobin (HbA1c) - [Blood]','Diabetes Mellitus'
'Insulin Glargine (Lantus)','Diabetes Mellitus'
'Insulin Glargine (Lantus)','Diabetes Mellitus'
'Isophane Insulin','Diabetes Mellitus'
'Metformin + Glabenclamide','Diabetes Mellitus'
Metformin,'Diabetes Mellitus'
'Blood Sugar (FBS + 2HPP Glucose) - [Plasma]','Diabetes Mellitus'
Glimepiride,'Diabetes Mellitus'
'Insulin Soluble','Diabetes Mellitus'
Chlorpropamide,'Diabetes Mellitus'
'Glycated Haemoglobin (HbA1c) - [Blood]','Diabetes Mellitus'
'Blood Sugar (FBS + 2HPP Glucose) - [Plasma]','Diabetes Mellitus'
Metformin,'Diabetes Mellitus'
'Pioglitazone Hydrochloride','Diabetes Mellitus'
'Insulin 30/70 Pen refill cartridges (3ml)','Diabetes Mellitus'
'Protamine Zinc Insulin','Diabetes Mellitus'
Empagliflozin,'Diabetes Mellitus'
'Blood Sugar (FBS + 2HPP Glucose) - [Plasma]','Diabetes Mellitus'
'Insulin Zinc Suspension (I.Z.S)','Diabetes Mellitus'
'Glycated Haemoglobin (HbA1c) - [Blood]','Diabetes Mellitus'
'Blood Sugar (FBS + 2HPP Glucose) - [Plasma]','Diabetes Mellitus'
'Insulin Soluble','Diabetes Mellitus'
Glibenclamide,'Diabetes Mellitus'
'Biphasic Isophane Insulin','Diabetes Mellitus'
Glibenclamide,'Diabetes Mellitus'
'Insulin 30/70 Pen refill cartridges (3ml)','Diabetes Mellitus'
'Insulin Zinc Suspension (I.Z.S)','Diabetes Mellitus'
'Metformin + Glabenclamide','Diabetes Mellitus'
'Isophane Insulin','Diabetes Mellitus'
'Insulin Soluble','Diabetes Mellitus'
'Pioglitazone Hydrochloride','Diabetes Mellitus'
Vildagliptin,'Diabetes Mellitus'
'Glycated Haemoglobin (HbA1c) - [Blood]','Diabetes Mellitus'
Glibenclamide,'Diabetes Mellitus'
Dapagliflozin,'Diabetes Mellitus'
Voglibose,'Diabetes Mellitus'
'Glycated Haemoglobin (HbA1c) - [Blood]','Diabetes Mellitus'
'Insulin Zinc Suspension (I.Z.S)','Diabetes Mellitus'
Metformin,'Diabetes Mellitus'
'Protamine Zinc Insulin','Diabetes Mellitus'
'Protamine Zinc Insulin','Diabetes Mellitus'
'Pioglitazone Hydrochloride','Diabetes Mellitus'
Glucagon,'Diabetes Mellitus'
'Pioglitazone Hydrochloride','Diabetes Mellitus'
'Insulin needles','Diabetes Mellitus'
'Insulin Zinc Suspension (I.Z.S)','Diabetes Mellitus'
Metformin,'Diabetes Mellitus'
Metformin,'Diabetes Mellitus'
Spironolactone,'Heart Failure'
Hydrochlorothiazide,'Heart Failure'
Frusemide,'Heart Failure'
Spironolactone,'Heart Failure'
Hydrochlorothiazide,'Heart Failure'
Torsemide,'Heart Failure'
Spironolactone,'Heart Failure'
Spironolactone,'Heart Failure'
Frusemide,'Heart Failure'
Indapamide,'Heart Failure'
'FRUSEMIDE 40MG INJ','Heart Failure'
Indapamide,'Heart Failure'
Spironolactone,'Heart Failure'
Torsemide,'Heart Failure'
'FRUSEMIDE 40MG INJ','Heart Failure'
Frusemide,'Heart Failure'
Frusemide,'Heart Failure'
'FRUSEMIDE 40MG INJ','Heart Failure'
Spironolactone,'Heart Failure'
'FRUSEMIDE 40MG INJ','Heart Failure'
Frusemide,'Heart Failure'
Hydrochlorothiazide,'Heart Failure'
Spironolactone,'Heart Failure'
Hydrochlorothiazide,'Heart Failure'
'FRUSEMIDE 40MG INJ','Heart Failure'
Hydrochlorothiazide,'Heart Failure'
Hydrochlorothiazide,'Heart Failure'
Bendrofluazide,'Heart Failure'
Indapamide,'Heart Failure'
'FRUSEMIDE 40MG INJ','Heart Failure'
'Amiloride + Hydrochlorothiazide','Heart Failure'
Frusemide,'Heart Failure'
Torsemide,'Heart Failure'
'FRUSEMIDE 40MG INJ','Heart Failure'
Torsemide,'Heart Failure'
Indapamide,'Heart Failure'
Frusemide,'Heart Failure'
Torsemide,'Heart Failure'
'FRUSEMIDE 40MG INJ','Heart Failure'
'Amiloride + Hydrochlorothiazide','Heart Failure'
Frusemide,'Heart Failure'
Indapamide,'Heart Failure'
Bendrofluazide,'Heart Failure'
Hydrochlorothiazide,'Heart Failure'
Frusemide,'Heart Failure'
Bendrofluazide,'Heart Failure'
Spironolactone,'Heart Failure'
Spironolactone,'Heart Failure'
Frusemide,'Heart Failure'
Spironolactone,'Heart Failure'
Hydrochlorothiazide,'Heart Failure'
Bendrofluazide,'Heart Failure'
Spironolactone,'Heart Failure'
Hydrochlorothiazide,'Heart Failure'
Spironolactone,'Heart Failure'
Bendrofluazide,'Heart Failure'
'FRUSEMIDE 40MG INJ','Heart Failure'
Frusemide,'Heart Failure'
Frusemide,'Heart Failure'
Frusemide,'Heart Failure'
Indapamide,'Heart Failure'
Bendrofluazide,'Heart Failure'
Frusemide,'Heart Failure'
Bendrofluazide,'Heart Failure'
Spironolactone,'Heart Failure'
Indapamide,'Heart Failure'
Torsemide,'Heart Failure'
'FRUSEMIDE 40MG INJ','Heart Failure'
Indapamide,'Heart Failure'
Frusemide,'Heart Failure'
'AMLODIPINE 10MG TAB',Hypertension
Hydralazine,Hypertension
'Ramipril 10mg Tablet',Hypertension
'AMLODIPINE 10MG TAB',Hypertension
'Candesartan cilexetil/hydrochlothiazide',Hypertension
'Amlodipine + Valsartan',Hypertension
'Prazosin + Polythiazide',Hypertension
'AMLODIPINE 5MG TAB            ',Hypertension
Labetalol,Hypertension
Labetalol,Hypertension
'AMLODIPINE 10MG TAB',Hypertension
'Perindopril arginine + Amlodipine',Hypertension
Hydralazine,Hypertension
'AMLODIPINE 5MG TAB            ',Hypertension
Methyldopa,Hypertension
Felodipine,Hypertension
'Losartan 100mg Tablet',Hypertension
Telmisartan,Hypertension
Hydralazine,Hypertension
'Carvedilol 3.125mg tab',Hypertension
Telmisartan,Hypertension
Captopril,Hypertension
'Losartan + Amlodipine',Hypertension
'Amlodipine + Valsartan + HCT (10/160/25mg) Tablet',Hypertension
Methyldopa,Hypertension
'Dobutamine 250mg/20ml Injection',Hypertension
'Dobutamine 250mg/20ml Injection',Hypertension
'LISINOPRIL 10MG TAB',Hypertension
'Prazosin + Polythiazide',Hypertension
'Amlodipine + Valsartan + HCT (10/160/25mg) Tablet',Hypertension
Felodipine,Hypertension
Isradipine,Hypertension
'AMLODIPINE 10MG TAB',Hypertension
'AMLODIPINE 10MG TAB',Hypertension
Atenolol,Hypertension
'AMLODIPINE 10MG TAB',Hypertension
'Losartan 50mg Tablet',Hypertension
'Doxazocin 4mg Tablet',Hypertension
Amlodipine,Hypertension
'AMLODIPINE 5MG TAB            ',Hypertension
'Indapamide 1.5mg tab',Hypertension
'Dobutamine 250mg/20ml Injection',Hypertension
'AMLODIPINE 10MG TAB',Hypertension
'Doxazocin 4mg Tablet',Hypertension
Telmisartan,Hypertension
Amlodipine,Hypertension
Lisinopril,Hypertension
Prazosin,Hypertension
Captopril,Hypertension
'LISINOPRIL 10MG TAB',Hypertension
'AMLODIPINE 5MG TAB            ',Hypertension
Enalapril,Hypertension
'Candesartan cilexetil',Hypertension
'Dobutamine 250mg/20ml Injection',Hypertension
'Amlodipine + Valsartan + HCT (10/160/25mg) Tablet',Hypertension
'AMLODIPINE 10MG TAB',Hypertension
'AMLODIPINE 5MG TAB            ',Hypertension
Telmisartan,Hypertension
'Irbesartan + Amlodipine',Hypertension
'Amlodipine + Valsartan + HCT (10/160/25mg) Tablet',Hypertension
Felodipine,Hypertension
Hydralazine,Hypertension
'AMLODIPINE 5MG TAB            ',Hypertension
Atenolol,Hypertension
Prazosin,Hypertension
'Prazosin + Polythiazide',Hypertension
'AMLODIPINE 10MG TAB',Hypertension
Atenolol,Hypertension
'Prazosin + Polythiazide',Hypertension
'Propranolol (Hydrochloride)',Hypertension
'HYOSCINE BUTYLBROMIDE 10MG INJ (BUSCOPAN)',Gastroenteritis
'LOPERAMIDE 2MG CAP',Gastroenteritis
'PROMETHAZINE 25MG TAB',Gastroenteritis
'PROMETHAZINE HCL 50MG/2ML INJ',Gastroenteritis
Metoclopramide,Gastroenteritis
'ONDANSETYRON HCL 2MG/ML INJECTION',Gastroenteritis
'Diphenoxylate hydrochloride + Atropine sulphate',Gastroenteritis
'Oral Rehydration Salt',Gastroenteritis
'Hyoscine N -Butylbromide',Gastroenteritis
'LOPERAMIDE 2MG CAP',Gastroenteritis
'HYOSCINE BUTYLBROMIDE 60ML SYR (BUSCOPAN)',Gastroenteritis
Ondansetron,Gastroenteritis
'Oral Rehydration Salt',Gastroenteritis
'PROMETHAZINE 25MG TAB',Gastroenteritis
Ondansetron,Gastroenteritis
'PROMETHAZINE HCL 50MG/2ML INJ',Gastroenteritis
'CHLORPHENIRAMINE SYRUP',Gastroenteritis
'Diphenoxylate hydrochloride + Atropine sulphate',Gastroenteritis
Metoclopramide,Gastroenteritis
'ONDANSETYRON HCL 2MG/ML INJECTION',Gastroenteritis
'PROMETHAZINE 25MG TAB',Gastroenteritis
'HYOSCINE BUTYLBROMIDE 10MG TAB (BUSCOPAN)',Gastroenteritis
Loperamide,Gastroenteritis
'HYOSCINE BUTYLBROMIDE 10MG TAB (BUSCOPAN)',Gastroenteritis
'LOPERAMIDE 2MG CAP',Gastroenteritis
'METOCHLORPRAMIDE INJ',Gastroenteritis
'HYOSCINE BUTYLBROMIDE 10MG INJ (BUSCOPAN)',Gastroenteritis
'METOCHLORPRAMIDE INJ',Gastroenteritis
'ONDANSETYRON HCL 2MG/ML INJECTION',Gastroenteritis
'PROMETHAZINE HCL 50MG/2ML INJ',Gastroenteritis
Loperamide,Gastroenteritis
'Hyoscine N -Butylbromide',Gastroenteritis
'LOPERAMIDE 2MG CAP',Gastroenteritis
'HYOSCINE BUTYLBROMIDE 10MG TAB (BUSCOPAN)',Gastroenteritis
Promethazine,Gastroenteritis
'ONDANSETYRON HCL 2MG/ML INJECTION',Gastroenteritis
'ONDANSETYRON HCL 2MG/ML INJECTION',Gastroenteritis
'PROMETHAZINE 25MG TAB',Gastroenteritis
'ONDANSETYRON HCL 2MG/ML INJECTION',Gastroenteritis
'PROMETHAZINE HCL 50MG/2ML INJ',Gastroenteritis
'PROMETHAZINE HCL 50MG/2ML INJ',Gastroenteritis
'LOPERAMIDE 2MG CAP',Gastroenteritis
'HYOSCINE BUTYLBROMIDE 10MG TAB (BUSCOPAN)',Gastroenteritis
'HYOSCINE BUTYLBROMIDE 10MG TAB (BUSCOPAN)',Gastroenteritis
'HYOSCINE BUTYLBROMIDE 10MG TAB (BUSCOPAN)',Gastroenteritis
'PROMETHAZINE HCL 50MG/2ML INJ',Gastroenteritis
'ONDANSETYRON HCL 2MG/ML INJECTION',Gastroenteritis
'HYOSCINE BUTYLBROMIDE 10MG TAB (BUSCOPAN)',Gastroenteritis
'16.5.1 Antimotility Drugs',Gastroenteritis
Loperamide,Gastroenteritis
'ONDANSETYRON HCL 2MG/ML INJECTION',Gastroenteritis
'HYOSCINE BUTYLBROMIDE 10MG INJ (BUSCOPAN)',Gastroenteritis
'HYOSCINE BUTYLBROMIDE 60ML SYR (BUSCOPAN)',Gastroenteritis
'CHLORPHENIRAMINE SYRUP',Gastroenteritis
'HYOSCINE BUTYLBROMIDE 10MG TAB (BUSCOPAN)',Gastroenteritis
Metoclopramide,Gastroenteritis
'16.5.1 Antimotility Drugs',Gastroenteritis
'Ondasetron (4mg)',Gastroenteritis
'PROMETHAZINE HCL 50MG/2ML INJ',Gastroenteritis
'HYOSCINE BUTYLBROMIDE 10MG TAB (BUSCOPAN)',Gastroenteritis
'PROMETHAZINE HCL 50MG/2ML INJ',Gastroenteritis
'HYOSCINE BUTYLBROMIDE 10MG INJ (BUSCOPAN)',Gastroenteritis
'PROMETHAZINE HCL 50MG/2ML INJ',Gastroenteritis
'HYOSCINE BUTYLBROMIDE 10MG INJ (BUSCOPAN)',Gastroenteritis
'HYOSCINE BUTYLBROMIDE 10MG INJ (BUSCOPAN)',Gastroenteritis
'ONDANSETYRON HCL 2MG/ML INJECTION',Gastroenteritis
'16.5.1 Antimotility Drugs',Gastroenteritis
'ONDANSETYRON HCL 2MG/ML INJECTION',Gastroenteritis
'ONDANSETYRON HCL 2MG/ML INJECTION',Gastroenteritis
'Hyoscine N-butylbro-Mide',Gastroenteritis
'Metrifonate, tablet (restricted)',Helminthiasis
'ALBENDAZOLE SUSP              ',Helminthiasis
Tinidazole,Helminthiasis
'Pyrantel Pamoate',Helminthiasis
'ALBENDAZOLE 400MG TAB ',Helminthiasis
Tinidazole,Helminthiasis
Praziquantel,Helminthiasis
'Pyrantel Pamoate',Helminthiasis
'Metrifonate, tablet (restricted)',Helminthiasis
'ALBENDAZOLE SUSP              ',Helminthiasis
'ALBENDAZOLE SUSP              ',Helminthiasis
'ALBENDAZOLE SUSP              ',Helminthiasis
'ALBENDAZOLE SUSP              ',Helminthiasis
'Pyrantel Pamoate',Helminthiasis
'ALBENDAZOLE SUSP              ',Helminthiasis
'ALBENDAZOLE 400MG TAB ',Helminthiasis
'ALBENDAZOLE SUSP              ',Helminthiasis
Praziquantel,Helminthiasis
'ALBENDAZOLE 400MG TAB ',Helminthiasis
Mebendazole,Helminthiasis
Tinidazole,Helminthiasis
'ALBENDAZOLE SUSP              ',Helminthiasis
Secnidazole,Helminthiasis
'Oxaminquine, tablet (price not available at the time of compilation)',Helminthiasis
'ALBENDAZOLE SUSP              ',Helminthiasis
Mebendazole,Helminthiasis
'ALBENDAZOLE SUSP              ',Helminthiasis
Tinidazole,Helminthiasis
Tinidazole,Helminthiasis
Mebendazole,Helminthiasis
'Pyrantel Pamoate',Helminthiasis
'Pyrantel Pamoate',Helminthiasis
'Pyrantel Pamoate',Helminthiasis
'ALBENDAZOLE SUSP              ',Helminthiasis
'Pyrantel Pamoate',Helminthiasis
'ALBENDAZOLE SUSP              ',Helminthiasis
Secnidazole,Helminthiasis
'ALBENDAZOLE SUSP              ',Helminthiasis
'ALBENDAZOLE 400MG TAB ',Helminthiasis
Mebendazole,Helminthiasis
Tinidazole,Helminthiasis
Praziquantel,Helminthiasis
Praziquantel,Helminthiasis
'Pyrantel Pamoate',Helminthiasis
'ALBENDAZOLE SUSP              ',Helminthiasis
Praziquantel,Helminthiasis
'Pyrantel Pamoate',Helminthiasis
Tinidazole,Helminthiasis
'ALBENDAZOLE SUSP              ',Helminthiasis
'Pyrantel Pamoate',Helminthiasis
'Pyrantel Pamoate',Helminthiasis
'ALBENDAZOLE SUSP              ',Helminthiasis
'ALBENDAZOLE SUSP              ',Helminthiasis
'ALBENDAZOLE SUSP              ',Helminthiasis
'ALBENDAZOLE SUSP              ',Helminthiasis
'ALBENDAZOLE SUSP              ',Helminthiasis
'Metrifonate, tablet (restricted)',Helminthiasis
Praziquantel,Helminthiasis
'ALBENDAZOLE SUSP              ',Helminthiasis
'ALBENDAZOLE SUSP              ',Helminthiasis
'ALBENDAZOLE SUSP              ',Helminthiasis
'ALBENDAZOLE 400MG TAB ',Helminthiasis
'ALBENDAZOLE SUSP              ',Helminthiasis
Tinidazole,Helminthiasis
'Metrifonate, tablet (restricted)',Helminthiasis
'Metrifonate, tablet (restricted)',Helminthiasis
Praziquantel,Helminthiasis
'Oxaminquine, tablet (price not available at the time of compilation)',Helminthiasis
Secnidazole,Helminthiasis
Secnidazole,Helminthiasis
'Hepatitis C RNA Viral Load*',Hepatitis
HbcAg/HbeAg,Hepatitis
'Hepatitis B Surface Antigen (HbsAg)',Hepatitis
'Normal immunoglobulin',Hepatitis
'Hepatitis B Confirmatory Test (Core Antigen)',Hepatitis
'Normal immunoglobulin',Hepatitis
'Hepatitis C RNA Viral Load (GeneXpert PCR) *',Hepatitis
'Hepatitis C Genotype',Hepatitis
'Normal immunoglobulin',Hepatitis
'Hepatitis B Surface Antigen (HbsAg)',Hepatitis
'Hepatitis A (IgM)',Hepatitis
'Hepatitis B Anti-serum',Hepatitis
'Hepatitis C Antibody (HCVAb)',Hepatitis
'Hepatitis B Confirmatory Test (Core Antigen)',Hepatitis
HbcAg/HbeAg,Hepatitis
'Hepatitis C RNA Viral Load*',Hepatitis
'Hepatitis C Genotype',Hepatitis
'Hepatitis C Genotype',Hepatitis
'Hepatitis B Anti-serum',Hepatitis
'Hepatitis B DNA Viral Load',Hepatitis
'Hepatitis C RNA Viral Load (GeneXpert PCR) *',Hepatitis
'Hepatitis C Genotype',Hepatitis
'interferon (pegylated alpha-2a)',Hepatitis
'Hepatitis B DNA Viral Load',Hepatitis
'Hepatitis C RNA Viral Load (GeneXpert PCR) *',Hepatitis
'Hepatitis B Confirmatory Test (Core Antigen)',Hepatitis
'Hepatitis C RNA Viral Load*',Hepatitis
'Hepatitis C RNA Viral Load (GeneXpert PCR) *',Hepatitis
'interferon (pegylated alpha-2a)',Hepatitis
'Hepatitis B Surface Antigen (HbsAg)',Hepatitis
'Hepatitis B Confirmatory Test (Core Antigen)',Hepatitis
HbcAg/HbeAg,Hepatitis
'Hepatitis B DNA Viral Load',Hepatitis
'Hepatitis B Confirmatory Test (Core Antigen)',Hepatitis
'Hepatitis C Antibody (HCVAb)',Hepatitis
'Hepatitis C RNA Viral Load*',Hepatitis
'Hepatitis C Antibody (HCVAb)',Hepatitis
'Hepatitis B Anti-serum',Hepatitis
'Hepatitis C Genotype',Hepatitis
'Hepatitis C RNA Viral Load (GeneXpert PCR) *',Hepatitis
'Hepatitis B Anti-serum',Hepatitis
'Hepatitis B DNA Viral Load',Hepatitis
'Hepatitis C Antibody (HCVAb)',Hepatitis
HbcAg/HbeAg,Hepatitis
'Hepatitis C Antibody (HCVAb)',Hepatitis
'Normal immunoglobulin',Hepatitis
'Hepatitis B Anti-serum',Hepatitis
'Hepatitis B Surface Antigen (HbsAg)',Hepatitis
HbcAg/HbeAg,Hepatitis
'Normal immunoglobulin',Hepatitis
'Hepatitis A (IgM)',Hepatitis
HbcAg/HbeAg,Hepatitis
'Hepatitis A (IgM)',Hepatitis
'Hepatitis C Antibody (HCVAb)',Hepatitis
'interferon (pegylated alpha-2a)',Hepatitis
'Hepatitis B Anti-serum',Hepatitis
'Hepatitis B Anti-serum',Hepatitis
'Hepatitis B Surface Antigen (HbsAg)',Hepatitis
'Hepatitis C RNA Viral Load (GeneXpert PCR) *',Hepatitis
'interferon (pegylated alpha-2a)',Hepatitis
HbcAg/HbeAg,Hepatitis
'Hepatitis C RNA Viral Load*',Hepatitis
'Hepatitis C RNA Viral Load*',Hepatitis
'Hepatitis A (IgM)',Hepatitis
'interferon (pegylated alpha-2a)',Hepatitis
'Hepatitis C RNA Viral Load (GeneXpert PCR) *',Hepatitis
'Hepatitis B Surface Antigen (HbsAg)',Hepatitis
'Hepatitis B Confirmatory Test (Core Antigen)',Hepatitis
'Hepatitis A (IgM)',Hepatitis
'Hepatitis C Genotype',Hepatitis
'Efavirenz (EFV or EFZ)','HIV Infection'
'Ribavirin 200mg Tablet','HIV Infection'
'Nevirapine (NVP)','HIV Infection'
'Zalcitabine (ddC)','HIV Infection'
'Zalcitabine (ddC)','HIV Infection'
'Lamivudine + nevirapine + Zidovudine','HIV Infection'
'HIV Screening','HIV Infection'
'b) HIV Viral load','HIV Infection'
'Didanosine (ddI)','HIV Infection'
'Abacavir (ABC)','HIV Infection'
'a) CD4 Count','HIV Infection'
'HIV Confirmatory Test','HIV Infection'
'Lamivudine (3TC)','HIV Infection'
'HIV Confirmatory Test','HIV Infection'
'b) HIV Viral load','HIV Infection'
'Lamivudine + nevirapine + Zidovudine','HIV Infection'
'HIV Screening','HIV Infection'
'Lamivudine + Zidovudine','HIV Infection'
'HIV Confirmatory Test','HIV Infection'
'Lamivudine + Zidovudine','HIV Infection'
'Lamivudine + nevirapine + Zidovudine','HIV Infection'
'Didanosine (ddI)','HIV Infection'
'a) CD4 Count','HIV Infection'
'Lamivudine + Zidovudine','HIV Infection'
'HIV Screening','HIV Infection'
'Zidovudine (ZDV)','HIV Infection'
'Efavirenz (EFV or EFZ)','HIV Infection'
'Didanosine (ddI)','HIV Infection'
'a) CD4 Count','HIV Infection'
'Lamivudine + Zidovudine','HIV Infection'
'Efavirenz (EFV or EFZ)','HIV Infection'
'b) HIV Viral load','HIV Infection'
'Abacavir (ABC)','HIV Infection'
'b) HIV Viral load','HIV Infection'
'b) HIV Viral load','HIV Infection'
'HIV Confirmatory Test','HIV Infection'
'HIV Screening','HIV Infection'
'Efavirenz (EFV or EFZ)','HIV Infection'
'Didanosine (ddI)','HIV Infection'
'Abacavir (ABC)','HIV Infection'
'Abacavir (ABC)','HIV Infection'
'Nevirapine (NVP)','HIV Infection'
'Lamivudine + nevirapine + Zidovudine','HIV Infection'
'Zalcitabine (ddC)','HIV Infection'
'Abacavir (ABC)','HIV Infection'
'b) HIV Viral load','HIV Infection'
'Lamivudine + nevirapine + Zidovudine','HIV Infection'
'Abacavir (ABC)','HIV Infection'
'Ribavirin 200mg Tablet','HIV Infection'
'HIV Screening','HIV Infection'
'Abacavir (ABC)','HIV Infection'
'Lamivudine + Zidovudine','HIV Infection'
'Lamivudine + Zidovudine','HIV Infection'
'a) CD4 Count','HIV Infection'
'Zidovudine (ZDV)','HIV Infection'
'Lamivudine + Zidovudine','HIV Infection'
'Zalcitabine (ddC)','HIV Infection'
'Lamivudine + nevirapine + Zidovudine','HIV Infection'
'a) CD4 Count','HIV Infection'
'Lamivudine + nevirapine + Zidovudine','HIV Infection'
'Lamivudine + nevirapine + Zidovudine','HIV Infection'
'Lamivudine (3TC)','HIV Infection'
'Lamivudine (3TC)','HIV Infection'
'Abacavir (ABC)','HIV Infection'
'Zidovudine (ZDV)','HIV Infection'
'Didanosine (ddI)','HIV Infection'
'Didanosine (ddI)','HIV Infection'
'Lamivudine + Zidovudine','HIV Infection'
'a) CD4 Count','HIV Infection'
'Lamivudine + Zidovudine','HIV Infection'
Clofibrate,'Metabolic Syndrome'
Fluvastatin,'Metabolic Syndrome'
Allopurinol,'Metabolic Syndrome'
'FULL ELECTROLYTES','Metabolic Syndrome'
Clopidogrel,'Metabolic Syndrome'
'FULL ELECTROLYTES','Metabolic Syndrome'
Rosuvastatin,'Metabolic Syndrome'
Fluvastatin,'Metabolic Syndrome'
Clopidogrel,'Metabolic Syndrome'
Atorvastatin,'Metabolic Syndrome'
Rosuvastatin,'Metabolic Syndrome'
'Atorvastatin 40mg Tablet','Metabolic Syndrome'
Rosuvastatin,'Metabolic Syndrome'
Clopidogrel,'Metabolic Syndrome'
Clopidogrel,'Metabolic Syndrome'
'Renal Function Tests = Electrolytes, Bicarbonate, Urea, Creatinine','Metabolic Syndrome'
'Renal Function Tests = Electrolytes, Bicarbonate, Urea, Creatinine','Metabolic Syndrome'
'FULL ELECTROLYTES','Metabolic Syndrome'
Fluvastatin,'Metabolic Syndrome'
'FULL ELECTROLYTES','Metabolic Syndrome'
'FULL ELECTROLYTES','Metabolic Syndrome'
'FULL ELECTROLYTES','Metabolic Syndrome'
Clopidogrel,'Metabolic Syndrome'
Allopurinol,'Metabolic Syndrome'
Rosuvastatin,'Metabolic Syndrome'
Allopurinol,'Metabolic Syndrome'
Clofibrate,'Metabolic Syndrome'
Simvastatin,'Metabolic Syndrome'
Fluvastatin,'Metabolic Syndrome'
Fluvastatin,'Metabolic Syndrome'
'FULL ELECTROLYTES','Metabolic Syndrome'
Atorvastatin,'Metabolic Syndrome'
'Renal Function Tests = Electrolytes, Bicarbonate, Urea, Creatinine','Metabolic Syndrome'
Simvastatin,'Metabolic Syndrome'
'FULL ELECTROLYTES','Metabolic Syndrome'
Allopurinol,'Metabolic Syndrome'
Fluvastatin,'Metabolic Syndrome'
'URIC ACID','Metabolic Syndrome'
Fluvastatin,'Metabolic Syndrome'
'Atorvastatin 40mg Tablet','Metabolic Syndrome'
'FULL ELECTROLYTES','Metabolic Syndrome'
'FULL ELECTROLYTES','Metabolic Syndrome'
Clopidogrel,'Metabolic Syndrome'
Clofibrate,'Metabolic Syndrome'
'FULL ELECTROLYTES','Metabolic Syndrome'
Allopurinol,'Metabolic Syndrome'
'Atorvastatin 40mg Tablet','Metabolic Syndrome'
'Renal Function Tests = Electrolytes, Bicarbonate, Urea, Creatinine','Metabolic Syndrome'
'Renal Function Tests = Electrolytes, Bicarbonate, Urea, Creatinine','Metabolic Syndrome'
Clopidogrel,'Metabolic Syndrome'
Allopurinol,'Metabolic Syndrome'
Rosuvastatin,'Metabolic Syndrome'
Clofibrate,'Metabolic Syndrome'
'Renal Function Tests = Electrolytes, Bicarbonate, Urea, Creatinine','Metabolic Syndrome'
Allopurinol,'Metabolic Syndrome'
'Atorvastatin 40mg Tablet','Metabolic Syndrome'
'Renal Function Tests = Electrolytes, Bicarbonate, Urea, Creatinine','Metabolic Syndrome'
'FULL ELECTROLYTES','Metabolic Syndrome'
Atorvastatin,'Metabolic Syndrome'
'URIC ACID','Metabolic Syndrome'
'FULL ELECTROLYTES','Metabolic Syndrome'
'FULL ELECTROLYTES','Metabolic Syndrome'
Allopurinol,'Metabolic Syndrome'
Simvastatin,'Metabolic Syndrome'
Atorvastatin,'Metabolic Syndrome'
Atorvastatin,'Metabolic Syndrome'
'Atorvastatin 40mg Tablet','Metabolic Syndrome'
'FULL ELECTROLYTES','Metabolic Syndrome'
'FULL ELECTROLYTES','Metabolic Syndrome'
'FULL ELECTROLYTES','Metabolic Syndrome'
'Potassium Chloride (slow release)','Hypovolemia + Dyselectrolytemia'
'Ringer’s Lactate','Hypovolemia + Dyselectrolytemia'
'Calcium carbonate 600mg/Vitamin D3 tabs','Hypovolemia + Dyselectrolytemia'
'Ringer’s Lactate','Hypovolemia + Dyselectrolytemia'
'Sodium chloride','Hypovolemia + Dyselectrolytemia'
'Potassium Chloride (slow release)','Hypovolemia + Dyselectrolytemia'
'Sodium   Lactate Compound solution','Hypovolemia + Dyselectrolytemia'
'Sodium   Lactate Compound solution','Hypovolemia + Dyselectrolytemia'
'Calcium carbonate 600mg/Vitamin D3 tabs','Hypovolemia + Dyselectrolytemia'
'Sodium Bicarbonate','Hypovolemia + Dyselectrolytemia'
'Sodium chloride','Hypovolemia + Dyselectrolytemia'
'Calcium Lactate','Hypovolemia + Dyselectrolytemia'
'Potassium Chloride','Hypovolemia + Dyselectrolytemia'
'CALCIMAX TAB (30)','Hypovolemia + Dyselectrolytemia'
'Calcium carbonate 600mg/Vitamin D3 tabs','Hypovolemia + Dyselectrolytemia'
PHOSPHATE,'Hypovolemia + Dyselectrolytemia'
'Potassium Chloride (slow release)','Hypovolemia + Dyselectrolytemia'
'Calcium - [Serum]','Hypovolemia + Dyselectrolytemia'
'CALCIMAX TAB (30)','Hypovolemia + Dyselectrolytemia'
'Calcium Gluconate','Hypovolemia + Dyselectrolytemia'
Mannitol,'Hypovolemia + Dyselectrolytemia'
'Calcium - [Serum]','Hypovolemia + Dyselectrolytemia'
'Sodium Fluoride','Hypovolemia + Dyselectrolytemia'
'Glucose + Sodium Chloride (Paediatric)','Hypovolemia + Dyselectrolytemia'
Histoplasma,'Hypovolemia + Dyselectrolytemia'
'Glucose (Dextrose)','Hypovolemia + Dyselectrolytemia'
'Sodium chloride','Hypovolemia + Dyselectrolytemia'
'Calcium Gluconate','Hypovolemia + Dyselectrolytemia'
'Ringer’s Lactate','Hypovolemia + Dyselectrolytemia'
PHOSPHATE,'Hypovolemia + Dyselectrolytemia'
'Glucose (Dextrose)','Hypovolemia + Dyselectrolytemia'
'CALCIMAX TAB (30)','Hypovolemia + Dyselectrolytemia'
Mannitol,'Hypovolemia + Dyselectrolytemia'
'Sodium   Lactate Compound solution','Hypovolemia + Dyselectrolytemia'
'Potassium Chloride (slow release)','Hypovolemia + Dyselectrolytemia'
'Dextrose + Sodium Chloride','Hypovolemia + Dyselectrolytemia'
'Glucose (Dextrose)','Hypovolemia + Dyselectrolytemia'
'CALCIMAX TAB (30)','Hypovolemia + Dyselectrolytemia'
'Glucose + Sodium Chloride (Paediatric)','Hypovolemia + Dyselectrolytemia'
'CALCIMAX TAB (30)','Hypovolemia + Dyselectrolytemia'
'CALCIMAX TAB (30)','Hypovolemia + Dyselectrolytemia'
'Calcium carbonate 600mg/Vitamin D3 tabs','Hypovolemia + Dyselectrolytemia'
Histoplasma,'Hypovolemia + Dyselectrolytemia'
PHOSPHATE,'Hypovolemia + Dyselectrolytemia'
'Sodium chloride','Hypovolemia + Dyselectrolytemia'
'Darrow’s Solution','Hypovolemia + Dyselectrolytemia'
'Calcium Lactate','Hypovolemia + Dyselectrolytemia'
'Dextrose + Sodium Chloride','Hypovolemia + Dyselectrolytemia'
Histoplasma,'Hypovolemia + Dyselectrolytemia'
'Sodium Bicarbonate','Hypovolemia + Dyselectrolytemia'
'Potassium Chloride (slow release)','Hypovolemia + Dyselectrolytemia'
PHOSPHATE,'Hypovolemia + Dyselectrolytemia'
Histoplasma,'Hypovolemia + Dyselectrolytemia'
'Glucose + Sodium Chloride (Paediatric)','Hypovolemia + Dyselectrolytemia'
Mannitol,'Hypovolemia + Dyselectrolytemia'
'Sodium Bicarbonate','Hypovolemia + Dyselectrolytemia'
'CALCIMAX TAB (30)','Hypovolemia + Dyselectrolytemia'
'Water for injection','Hypovolemia + Dyselectrolytemia'
'Glucose + Sodium Chloride (Paediatric)','Hypovolemia + Dyselectrolytemia'
'Potassium Chloride','Hypovolemia + Dyselectrolytemia'
'Glucose (Dextrose)','Hypovolemia + Dyselectrolytemia'
'Glucose + Sodium Chloride (Paediatric)','Hypovolemia + Dyselectrolytemia'
'Potassium Chloride (slow release)','Hypovolemia + Dyselectrolytemia'
'Calcium carbonate 600mg/Vitamin D3 tabs','Hypovolemia + Dyselectrolytemia'
'Sodium Fluoride','Hypovolemia + Dyselectrolytemia'
PHOSPHATE,'Hypovolemia + Dyselectrolytemia'
'Dextrose + Sodium Chloride','Hypovolemia + Dyselectrolytemia'
'Sodium Bicarbonate','Hypovolemia + Dyselectrolytemia'
PHOSPHATE,'Hypovolemia + Dyselectrolytemia'
'Sodium Bicarbonate','Hypovolemia + Dyselectrolytemia'
'MALARIA PARASITE (MP) RDT',Malaria
'P-ALAXIN TAB',Malaria
'PARACETAMOL 125MG/5ML SYRUP',Malaria
'LONART 20/120MG SYRUP',Malaria
'PARACETAMOL 500MG TAB x 1000',Malaria
'PARACETAMOL 125MG/5ML SUSP PLUS',Malaria
'LONART 20/120MG SYRUP',Malaria
'MALARIA PARASITE (MP) RDT',Malaria
'lonart 80/480mg',Malaria
'PARACETAMOL 500MG TAB x 1000',Malaria
'ARTESUNATE 60MG INJ',Malaria
'Malarial Parasite Thick and thin films - [Blood]',Malaria
'ARTEMETHER 80MG INJ',Malaria
'LONART 20/120MG SYRUP',Malaria
'lonart 80/480mg',Malaria
'PARACETAMOL 125MG/5ML SYRUP',Malaria
'lonart 80/480mg',Malaria
'Malarial Parasite Thick and thin films - [Blood]',Malaria
'LONART 20/120MG SYRUP',Malaria
'MALARIA PARASITE (MP) RDT',Malaria
'MALARIA PARASITE (MP) RDT',Malaria
'PARACETAMOL 500MG TAB x 1000',Malaria
'LONART 20/120MG SYRUP',Malaria
'LONART 20/120MG SYRUP',Malaria
'IBUPROFEN SUSP ',Malaria
'PARACETAMOL SUPPOSITORIES 500MG',Malaria
'MALARIA PARASITE (MP) RDT',Malaria
'PARACETAMOL 125MG/5ML SYRUP',Malaria
'MALARIA PARASITE (MP) RDT',Malaria
'MALARIA PARASITE (MP) RDT',Malaria
'ARTEMETHER LUMEFANTRINE 20/120MG DISPERSIBLE TAB',Malaria
'CAMOSUNATE POWDER 1-6YRS',Malaria
'lonart 80/480mg',Malaria
'PARACETAMOL 500MG TAB x 1000',Malaria
'IBUPROFEN SUSP ',Malaria
'ARTESUNATE 60MG INJ',Malaria
'PARACETAMOL 125MG/5ML SYRUP',Malaria
'MALARIA PARASITE (MP) RDT',Malaria
'MALARIA PARASITE (MP) RDT',Malaria
'PARACETAMOL 500MG TAB x 1000',Malaria
'P-ALAXIN TAB',Malaria
'PARACETAMOL 500MG TAB x 1000',Malaria
'MALARIA PARASITE (MP) RDT',Malaria
'ARTEETHER 150MG INJ',Malaria
'MALARIA PARASITE (MP) RDT',Malaria
'MALARIA PARASITE (MP) RDT',Malaria
'Malarial Parasite Thick and thin films - [Blood]',Malaria
'MALARIA PARASITE (MP) RDT',Malaria
'PARACETAMOL 500MG TAB x 1000',Malaria
'PARACETAMOL 125MG/5ML SYRUP',Malaria
'CAMOSUNATE POWDER 1-6YRS',Malaria
'PARACETAMOL 125MG/5ML SYRUP',Malaria
'IBUPROFEN SUSP ',Malaria
'ARTEMETHER 80MG INJ',Malaria
'PARACETAMOL 150MG/ML VIAL',Malaria
'PARACETAMOL 500MG TAB x 1000',Malaria
'PARACETAMOL 500MG TAB x 1000',Malaria
'CAMOSUNATE POWDER BELOW 1YR',Malaria
'lonart 80/480mg',Malaria
'PARACETAMOL 500MG TAB x 1000',Malaria
'PARACETAMOL 500MG TAB x 1000',Malaria
'IBUPROFEN SUSP ',Malaria
'lonart 80/480mg',Malaria
'PARACETAMOL 125MG/5ML SYRUP',Malaria
'PARACETAMOL INJECTION 2ML AMP',Malaria
'IBUPROFEN SUSP ',Malaria
'PARACETAMOL 125MG/5ML SUSP PLUS',Malaria
'PARACETAMOL SUPPOSITORIES 500MG',Malaria
'CAMOSUNATE TAB (ADULT)',Malaria
'IBUPROFEN SUSP ',Malaria
'Helicobacter Pylori - IgA antibodies - [Serum]','Peptic Ulcer Disease'
'Helicobacter Pylori - IgA antibodies - [Serum]','Peptic Ulcer Disease'
'Rabeprazole +Clarithromycin + Amoxicillin','Peptic Ulcer Disease'
'RABEPRAZOLE 20MG TAB','Peptic Ulcer Disease'
'ANTACID (RULOX SUSPENSION)','Peptic Ulcer Disease'
'ANTACID (RULOX SUSPENSION)','Peptic Ulcer Disease'
'RABEPRAZOLE 20MG INJ ','Peptic Ulcer Disease'
'OMEPRAZOLE 20MG CAP','Peptic Ulcer Disease'
'Helicobacter Pylori - IgA antibodies - [Serum]','Peptic Ulcer Disease'
'RABEPRAZOLE 20MG TAB','Peptic Ulcer Disease'
'OMEPRAZOLE 20MG CAP','Peptic Ulcer Disease'
'OMEPRAZOLE 20MG CAP','Peptic Ulcer Disease'
'OMEPRAZOLE 40MG INJ           ','Peptic Ulcer Disease'
'RABEPRAZOLE 20MG INJ ','Peptic Ulcer Disease'
'RABEPRAZOLE 20MG TAB','Peptic Ulcer Disease'
'RABEPRAZOLE 20MG TAB','Peptic Ulcer Disease'
'ANTACID (RULOX SUSPENSION)','Peptic Ulcer Disease'
'OMEPRAZOLE 20MG CAP','Peptic Ulcer Disease'
'OMEPRAZOLE 20MG CAP','Peptic Ulcer Disease'
'OMEPRAZOLE 20MG CAP','Peptic Ulcer Disease'
'RABEPRAZOLE 20MG INJ ','Peptic Ulcer Disease'
'GAVISCON SUSPENSION','Peptic Ulcer Disease'
'Helicobacter Pylori - IgA antibodies - [Serum]','Peptic Ulcer Disease'
'OMEPRAZOLE 40MG INJ           ','Peptic Ulcer Disease'
'Helicobacter Pylori - IgA antibodies - [Serum]','Peptic Ulcer Disease'
'ANTACID (RULOX SUSPENSION)','Peptic Ulcer Disease'
'Helicobacter Pylori - IgA antibodies - [Serum]','Peptic Ulcer Disease'
'ANTACID (RULOX SUSPENSION)','Peptic Ulcer Disease'
Rabeprazole,'Peptic Ulcer Disease'
'ANTACID (RULOX SUSPENSION)','Peptic Ulcer Disease'
'CIMETIDINE 400MG TAB','Peptic Ulcer Disease'
'OMEPRAZOLE 20MG CAP','Peptic Ulcer Disease'
'OMEPRAZOLE 20MG CAP','Peptic Ulcer Disease'
'ANTACID (RULOX SUSPENSION)','Peptic Ulcer Disease'
'Helicobacter Pylori - IgA antibodies - [Serum]','Peptic Ulcer Disease'
'RABEPRAZOLE 20MG TAB','Peptic Ulcer Disease'
'Aluminium hydroxide','Peptic Ulcer Disease'
'ANTACID (RULOX SUSPENSION)','Peptic Ulcer Disease'
'Rabeprazole +Clarithromycin + Amoxicillin','Peptic Ulcer Disease'
'RABEPRAZOLE 20MG INJ ','Peptic Ulcer Disease'
'ANTACID (RULOX SUSPENSION)','Peptic Ulcer Disease'
'OMEPRAZOLE 20MG CAP','Peptic Ulcer Disease'
'OMEPRAZOLE 40MG INJ           ','Peptic Ulcer Disease'
'ANTACID (RULOX SUSPENSION)','Peptic Ulcer Disease'
'ANTACID (RULOX SUSPENSION)','Peptic Ulcer Disease'
'ANTACID (RULOX SUSPENSION)','Peptic Ulcer Disease'
Esomeprazole,'Peptic Ulcer Disease'
'ANTACID (RULOX SUSPENSION)','Peptic Ulcer Disease'
'RABEPRAZOLE 20MG TAB','Peptic Ulcer Disease'
'RABEPRAZOLE 20MG TAB','Peptic Ulcer Disease'
'RABEPRAZOLE 20MG TAB','Peptic Ulcer Disease'
'ANTACID (RULOX SUSPENSION)','Peptic Ulcer Disease'
'RABEPRAZOLE 20MG TAB','Peptic Ulcer Disease'
'RABEPRAZOLE 20MG INJ ','Peptic Ulcer Disease'
'Helicobacter Pylori - IgA antibodies - [Serum]','Peptic Ulcer Disease'
'OMEPRAZOLE 20MG CAP','Peptic Ulcer Disease'
'H Pylori Ag (Stool)','Peptic Ulcer Disease'
'ANTACID (RULOX SUSPENSION)','Peptic Ulcer Disease'
'Helicobacter Pylori - IgA antibodies - [Serum]','Peptic Ulcer Disease'
'OMEPRAZOLE 20MG CAP','Peptic Ulcer Disease'
'Helicobacter Pylori - IgA antibodies - [Serum]','Peptic Ulcer Disease'
'OMEPRAZOLE 20MG CAP','Peptic Ulcer Disease'
'Helicobacter Pylori - IgA antibodies - [Serum]','Peptic Ulcer Disease'
'Helicobacter Pylori - IgA antibodies - [Serum]','Peptic Ulcer Disease'
'RABEPRAZOLE 20MG TAB','Peptic Ulcer Disease'
'ANTACID (RULOX SUSPENSION)','Peptic Ulcer Disease'
'RABEPRAZOLE 20MG INJ ','Peptic Ulcer Disease'
'OMEPRAZOLE 20MG CAP','Peptic Ulcer Disease'
'RABEPRAZOLE 20MG INJ ','Peptic Ulcer Disease'
'ANTACID (RULOX SUSPENSION)','Peptic Ulcer Disease'
'Ultrasound Gyn / Obs (Single Fetus)',Pregnancy
Misoprostol,Pregnancy
'Antenatal registration',Pregnancy
'Ultrasound Gyn / Obs (Single Fetus)',Pregnancy
'Pregnancy test qualitative Beta HCG - [Serum]',Pregnancy
Carbatocin,Pregnancy
Dinoprostone,Pregnancy
'Pelvic Scan (TA/TVS)',Pregnancy
'Pregnancy test qualitative Beta HCG - [Serum]',Pregnancy
'Ultrasound Pelvis (Single Part- Female)',Pregnancy
Dinoprostone,Pregnancy
'Ultrasound Gyn / Obs (Single Fetus)',Pregnancy
'Obstetrics and gynecology first inpatient review',Pregnancy
'Ultrasound 4-D Scan',Pregnancy
'Obstetrics and gynecology first inpatient review',Pregnancy
'Pregnancy test qualitative Beta HCG - [Serum]',Pregnancy
'Ultrasound Gyn / Obs (Single Fetus)',Pregnancy
'Ultrasound 4-D Scan',Pregnancy
'Ultrasound 4-D Scan',Pregnancy
'FOLIC ACID TAB x 1000',Pregnancy
'Ultrasound 4-D Scan',Pregnancy
'Ultrasound Gyn / Obs (Single Fetus)',Pregnancy
'Obstetric Scan',Pregnancy
'Antenatal Care blood test, pelvic scan etc All -inclusive',Pregnancy
VDRL,Pregnancy
'Pregnancy test qualitative Beta HCG - [Serum]',Pregnancy
'Ultrasound Gyn / Obs (Single Fetus)',Pregnancy
'FANSIDAR TAB X3',Pregnancy
'Pregnancy test qualitative Beta HCG - [Serum]',Pregnancy
'Pregnancy test qualitative Beta HCG - [Serum]',Pregnancy
'Pelvic Scan (TA/TVS)',Pregnancy
'Pregnancy test qualitative Beta HCG - [Serum]',Pregnancy
'Ultrasound Gyn / Obs (Single Fetus)',Pregnancy
'FOLIC ACID TAB x 1000',Pregnancy
'FOLIC ACID TAB x 1000',Pregnancy
'Obstetrics and gynecology first inpatient review',Pregnancy
'Obstetrics and gynecology first inpatient review',Pregnancy
'Ultrasound Gyn / Obs (Single Fetus)',Pregnancy
'Ultrasound Gyn / Obs (Single Fetus)',Pregnancy
'Pregnancy test qualitative Beta HCG - [Serum]',Pregnancy
'Ultrasound Pelvis (Single Part- Female)',Pregnancy
'Obstetric Scan',Pregnancy
'Ultrasound Gyn / Obs (Single Fetus)',Pregnancy
Carbatocin,Pregnancy
'FANSIDAR TAB X3',Pregnancy
'Ultrasound 4-D Scan',Pregnancy
'Ultrasound 4-D Scan',Pregnancy
'Ultrasound Gyn / Obs (Single Fetus)',Pregnancy
'Ultrasound 4-D Scan',Pregnancy
'Pregnancy test qualitative Beta HCG - [Serum]',Pregnancy
'Ultrasound 4-D Scan',Pregnancy
'Ultrasound 4-D Scan',Pregnancy
Dinoprostone,Pregnancy
'Ultrasound Pelvis (Single Part- Female)',Pregnancy
Carbatocin,Pregnancy
'Ultrasound 4-D Scan',Pregnancy
'Ultrasound 4-D Scan',Pregnancy
'FOLIC ACID TAB x 1000',Pregnancy
Dinoprostone,Pregnancy
'Ultrasound 4-D Scan',Pregnancy
'Pregnancy test qualitative Beta HCG - [Serum]',Pregnancy
'Ultrasound 4-D Scan',Pregnancy
'Ultrasound Gyn / Obs (Single Fetus)',Pregnancy
Carbatocin,Pregnancy
'Ultrasound 4-D Scan',Pregnancy
Dinoprostone,Pregnancy
'Pregnancy test qualitative Beta HCG - [Serum]',Pregnancy
'Ultrasound Gyn / Obs (Single Fetus)',Pregnancy
'Ultrasound 4-D Scan',Pregnancy
'FOLIC ACID TAB x 1000',Pregnancy
'LORATIDINE 5MG/5ML SYRUP','Respiratory Tract Infection'
'AZITHROMYCIN 200MG/5ML SUSP','Respiratory Tract Infection'
'EMZOLYN COUGH ADULT SYR','Respiratory Tract Infection'
'Cough Mixtures containing Codeine','Respiratory Tract Infection'
'EMZOLYN COUGH ADULT SYR','Respiratory Tract Infection'
'EMZOLYN COUGH ADULT SYR','Respiratory Tract Infection'
'LORATIDINE 5MG/5ML SYRUP','Respiratory Tract Infection'
'LORATIDINE 10MG TAB','Respiratory Tract Infection'
'LORATIDINE 5MG/5ML SYRUP','Respiratory Tract Infection'
'LORATIDINE 10MG TAB','Respiratory Tract Infection'
'LORATIDINE 10MG TAB','Respiratory Tract Infection'
'EMZOLYN COUGH CHILDREN SYRUP','Respiratory Tract Infection'
'EMZOLYN COUGH CHILDREN SYRUP','Respiratory Tract Infection'
'LORATIDINE 5MG/5ML SYRUP','Respiratory Tract Infection'
'LORATIDINE 10MG TAB','Respiratory Tract Infection'
'EMZOLYN COUGH CHILDREN SYRUP','Respiratory Tract Infection'
'LORATIDINE 10MG TAB','Respiratory Tract Infection'
'LORATIDINE 10MG TAB','Respiratory Tract Infection'
'LORATIDINE 10MG TAB','Respiratory Tract Infection'
Ephedrine,'Respiratory Tract Infection'
Bromhexine,'Respiratory Tract Infection'
'EMZOLYN COUGH CHILDREN SYRUP','Respiratory Tract Infection'
Cetrizine,'Respiratory Tract Infection'
'Cough Mixtures containing Codeine','Respiratory Tract Infection'
'LORATIDINE 5MG/5ML SYRUP','Respiratory Tract Infection'
'AZITHROMYCIN 200MG/5ML SUSP','Respiratory Tract Infection'
'EMZOLYN COUGH CHILDREN SYRUP','Respiratory Tract Infection'
'LORATIDINE 5MG/5ML SYRUP','Respiratory Tract Infection'
'LORATIDINE 10MG TAB','Respiratory Tract Infection'
'LORATIDINE 5MG/5ML SYRUP','Respiratory Tract Infection'
'CHLORPHENIRAMINE SYRUP','Respiratory Tract Infection'
'LORATIDINE 10MG TAB','Respiratory Tract Infection'
'EMZOLYN COUGH ADULT SYR','Respiratory Tract Infection'
'EMZOLYN COUGH ADULT SYR','Respiratory Tract Infection'
'LORATIDINE 5MG/5ML SYRUP','Respiratory Tract Infection'
'LORATIDINE 5MG/5ML SYRUP','Respiratory Tract Infection'
'LORATIDINE 10MG TAB','Respiratory Tract Infection'
'EMZOLYN COUGH CHILDREN SYRUP','Respiratory Tract Infection'
'CHLORPHENIRAMINE SYRUP','Respiratory Tract Infection'
'LORATIDINE 10MG TAB','Respiratory Tract Infection'
'LORATIDINE 10MG TAB','Respiratory Tract Infection'
'LORATIDINE 5MG/5ML SYRUP','Respiratory Tract Infection'
'AZITHROMYCIN 200MG/5ML SUSP','Respiratory Tract Infection'
'LORATIDINE 5MG/5ML SYRUP','Respiratory Tract Infection'
'LORATIDINE 10MG TAB','Respiratory Tract Infection'
'LORATIDINE 5MG/5ML SYRUP','Respiratory Tract Infection'
'EMZOLYN COUGH CHILDREN SYRUP','Respiratory Tract Infection'
'AZITHROMYCIN 200MG/5ML SUSP','Respiratory Tract Infection'
'LORATIDINE 5MG/5ML SYRUP','Respiratory Tract Infection'
'LORATIDINE 5MG/5ML SYRUP','Respiratory Tract Infection'
'LORATIDINE 5MG/5ML SYRUP','Respiratory Tract Infection'
'CHLORPHENIRAMINE SYRUP','Respiratory Tract Infection'
'LORATIDINE 10MG TAB','Respiratory Tract Infection'
'LORATIDINE 5MG/5ML SYRUP','Respiratory Tract Infection'
'LORATIDINE 10MG TAB','Respiratory Tract Infection'
'LORATIDINE 10MG TAB','Respiratory Tract Infection'
'EMZOLYN COUGH CHILDREN SYRUP','Respiratory Tract Infection'
'LORATIDINE 5MG/5ML SYRUP','Respiratory Tract Infection'
'LORATIDINE 5MG/5ML SYRUP','Respiratory Tract Infection'
'EMZOLYN COUGH ADULT SYR','Respiratory Tract Infection'
'EMZOLYN COUGH CHILDREN SYRUP','Respiratory Tract Infection'
'AZITHROMYCIN 200MG/5ML SUSP','Respiratory Tract Infection'
'LORATIDINE 5MG/5ML SYRUP','Respiratory Tract Infection'
'EMZOLYN COUGH ADULT SYR','Respiratory Tract Infection'
'LORATIDINE 10MG TAB','Respiratory Tract Infection'
Xylometazoline,'Respiratory Tract Infection'
'EMZOLYN COUGH CHILDREN SYRUP','Respiratory Tract Infection'
'LORATIDINE 5MG/5ML SYRUP','Respiratory Tract Infection'
'LORATIDINE 10MG TAB','Respiratory Tract Infection'
'LORATIDINE 10MG TAB','Respiratory Tract Infection'
Phenobarbital,Seizures
'Phenytoin Sodium',Seizures
'Phenytoin Sodium',Seizures
'Phenytoin Sodium',Seizures
Ethosuximide,Seizures
Diazepam,Seizures
Carbamazepine,Seizures
Ethosuximide,Seizures
'Pregabalin + Methylcobalamin',Seizures
Carbamazepine,Seizures
'Sodium valproate',Seizures
Pregabalin,Seizures
Diazepam,Seizures
'Phenytoin Sodium',Seizures
Diazepam,Seizures
Carbamazepine,Seizures
Carbamazepine,Seizures
'Pregabalin + Methylcobalamin',Seizures
Paraldehyde,Seizures
Pregabalin,Seizures
Diazepam,Seizures
Pregabalin,Seizures
'Magnesium sulphate',Seizures
'Pregabalin + Methylcobalamin',Seizures
'Pregabalin + Methylcobalamin',Seizures
'Phenytoin Sodium',Seizures
Paraldehyde,Seizures
Pregabalin,Seizures
Diazepam,Seizures
'Sodium valproate',Seizures
Ethosuximide,Seizures
Ethosuximide,Seizures
Carbamazepine,Seizures
'Pregabalin + Methylcobalamin',Seizures
'Pregabalin + Methylcobalamin',Seizures
Ethosuximide,Seizures
Paraldehyde,Seizures
'Pregabalin + Methylcobalamin',Seizures
'Magnesium sulphate',Seizures
'Sodium valproate',Seizures
'Pregabalin + Methylcobalamin',Seizures
Diazepam,Seizures
'Pregabalin + Methylcobalamin',Seizures
Ethosuximide,Seizures
'Phenytoin Sodium',Seizures
Diazepam,Seizures
Carbamazepine,Seizures
Ethosuximide,Seizures
Ethosuximide,Seizures
Paraldehyde,Seizures
Diazepam,Seizures
Ethosuximide,Seizures
Ethosuximide,Seizures
Carbamazepine,Seizures
Pregabalin,Seizures
Diazepam,Seizures
Ethosuximide,Seizures
'Sodium valproate',Seizures
Phenobarbital,Seizures
Pregabalin,Seizures
'Pregabalin + Methylcobalamin',Seizures
Pregabalin,Seizures
Ethosuximide,Seizures
'Magnesium sulphate',Seizures
Carbamazepine,Seizures
Diazepam,Seizures
Carbamazepine,Seizures
'Sodium valproate',Seizures
'Phenytoin Sodium',Seizures
'Phenytoin Sodium',Seizures
'Blood Group (ABO & Rh typing)','Sickle Cell Disease'
GENOTYPE,'Sickle Cell Disease'
'Sickling Test','Sickle Cell Disease'
'Dihydrocodeine 30mg tab','Sickle Cell Disease'
GENOTYPE,'Sickle Cell Disease'
GENOTYPE,'Sickle Cell Disease'
'HB Genotype','Sickle Cell Disease'
GENOTYPE,'Sickle Cell Disease'
GENOTYPE,'Sickle Cell Disease'
Pentazocine,'Sickle Cell Disease'
GENOTYPE,'Sickle Cell Disease'
'Sickling Test','Sickle Cell Disease'
GENOTYPE,'Sickle Cell Disease'
GENOTYPE,'Sickle Cell Disease'
GENOTYPE,'Sickle Cell Disease'
GENOTYPE,'Sickle Cell Disease'
GENOTYPE,'Sickle Cell Disease'
'HB Genotype','Sickle Cell Disease'
'Sickling Test','Sickle Cell Disease'
GENOTYPE,'Sickle Cell Disease'
Pentazocine,'Sickle Cell Disease'
GENOTYPE,'Sickle Cell Disease'
'Blood Group (ABO & Rh typing)','Sickle Cell Disease'
Pentazocine,'Sickle Cell Disease'
Morphine,'Sickle Cell Disease'
'Sickling Test','Sickle Cell Disease'
'Sickling Test','Sickle Cell Disease'
Morphine,'Sickle Cell Disease'
Morphine,'Sickle Cell Disease'
GENOTYPE,'Sickle Cell Disease'
'HB Genotype','Sickle Cell Disease'
'Dihydrocodeine 30mg tab','Sickle Cell Disease'
Pentazocine,'Sickle Cell Disease'
'Blood Group (ABO & Rh typing)','Sickle Cell Disease'
Pethidine,'Sickle Cell Disease'
Morphine,'Sickle Cell Disease'
Morphine,'Sickle Cell Disease'
'Dihydrocodeine 30mg tab','Sickle Cell Disease'
GENOTYPE,'Sickle Cell Disease'
Pethidine,'Sickle Cell Disease'
GENOTYPE,'Sickle Cell Disease'
'Morphine 1mg/ml Syrup 200ml','Sickle Cell Disease'
Tramadol,'Sickle Cell Disease'
Morphine,'Sickle Cell Disease'
Morphine,'Sickle Cell Disease'
GENOTYPE,'Sickle Cell Disease'
'HB Genotype','Sickle Cell Disease'
Morphine,'Sickle Cell Disease'
Tramadol,'Sickle Cell Disease'
'Dihydrocodeine 30mg tab','Sickle Cell Disease'
'HB Genotype','Sickle Cell Disease'
GENOTYPE,'Sickle Cell Disease'
GENOTYPE,'Sickle Cell Disease'
GENOTYPE,'Sickle Cell Disease'
Morphine,'Sickle Cell Disease'
Tramadol,'Sickle Cell Disease'
'Sickling Test','Sickle Cell Disease'
'Morphine 1mg/ml Syrup 500ml','Sickle Cell Disease'
Morphine,'Sickle Cell Disease'
GENOTYPE,'Sickle Cell Disease'
GENOTYPE,'Sickle Cell Disease'
'Morphine 1mg/ml Syrup 500ml','Sickle Cell Disease'
'Sickling Test','Sickle Cell Disease'
Morphine,'Sickle Cell Disease'
GENOTYPE,'Sickle Cell Disease'
'Morphine 1mg/ml Syrup 200ml','Sickle Cell Disease'
Morphine,'Sickle Cell Disease'
Morphine,'Sickle Cell Disease'
'HB Genotype','Sickle Cell Disease'
GENOTYPE,'Sickle Cell Disease'
'Microscopy, Culture & Sensitivity [Urine]','Urinary Tract Infection'
'Microscopy, Culture & Sensitivity [Urine]','Urinary Tract Infection'
'Microscopy, Culture & Sensitivity [Urine]','Urinary Tract Infection'
URINALYSIS,'Urinary Tract Infection'
Urinalysis,'Urinary Tract Infection'
'Urine Microscopy, Culture & Sensitivity','Urinary Tract Infection'
'Microscopy, Culture & Sensitivity [Urine]','Urinary Tract Infection'
'Microscopy, Culture & Sensitivity [Urine]','Urinary Tract Infection'
'Microscopy, Culture & Sensitivity [Urine]','Urinary Tract Infection'
'Microscopy, Culture & Sensitivity [Urine]','Urinary Tract Infection'
'Urine Microscopy','Urinary Tract Infection'
URINALYSIS,'Urinary Tract Infection'
'Microscopy, Culture & Sensitivity [Urine]','Urinary Tract Infection'
'Microscopy, Culture & Sensitivity [Urine]','Urinary Tract Infection'
'Microscopy, Culture & Sensitivity [Urine]','Urinary Tract Infection'
'Urine Microscopy, Culture & Sensitivity','Urinary Tract Infection'
URINALYSIS,'Urinary Tract Infection'
'Microscopy, Culture & Sensitivity [Urine]','Urinary Tract Infection'
'Microscopy, Culture & Sensitivity [Urine]','Urinary Tract Infection'
'Microscopy, Culture & Sensitivity [Urine]','Urinary Tract Infection'
'Microscopy, Culture & Sensitivity [Wound]','Urinary Tract Infection'
URINALYSIS,'Urinary Tract Infection'
'Microscopy, Culture & Sensitivity [Urine]','Urinary Tract Infection'
'Microscopy, Culture & Sensitivity [Urine]','Urinary Tract Infection'
URINALYSIS,'Urinary Tract Infection'
'Microscopy, Culture & Sensitivity [Urine]','Urinary Tract Infection'
'Microscopy, Culture & Sensitivity [Urine]','Urinary Tract Infection'
URINALYSIS,'Urinary Tract Infection'
'Microscopy, Culture & Sensitivity [Wound]','Urinary Tract Infection'
'Microscopy, Culture & Sensitivity [Urine]','Urinary Tract Infection'
URINALYSIS,'Urinary Tract Infection'
'Microscopy, Culture & Sensitivity [Wound]','Urinary Tract Infection'
'Urine Microscopy, Culture & Sensitivity','Urinary Tract Infection'
URINALYSIS,'Urinary Tract Infection'
'Microscopy, Culture & Sensitivity [Urine]','Urinary Tract Infection'
'Microscopy, Culture & Sensitivity [Urine]','Urinary Tract Infection'
URINALYSIS,'Urinary Tract Infection'
'Microscopy, Culture & Sensitivity [Urine]','Urinary Tract Infection'
'Microscopy, Culture & Sensitivity [Urine]','Urinary Tract Infection'
URINALYSIS,'Urinary Tract Infection'
'Microscopy, Culture & Sensitivity [Urine]','Urinary Tract Infection'
'Microscopy, Culture & Sensitivity [Urine]','Urinary Tract Infection'
URINALYSIS,'Urinary Tract Infection'
Urinalysis,'Urinary Tract Infection'
'Microscopy, Culture & Sensitivity [Urine]','Urinary Tract Infection'
'Microscopy, Culture & Sensitivity [Urine]','Urinary Tract Infection'
'Microscopy, Culture & Sensitivity [Urine]','Urinary Tract Infection'
'Microscopy, Culture & Sensitivity [Urine]','Urinary Tract Infection'
URINALYSIS,'Urinary Tract Infection'
'Microscopy, Culture & Sensitivity [Urine]','Urinary Tract Infection'
'Microscopy, Culture & Sensitivity [Wound]','Urinary Tract Infection'
'Microscopy, Culture & Sensitivity [Urine]','Urinary Tract Infection'
URINALYSIS,'Urinary Tract Infection'
'Microscopy, Culture & Sensitivity [Urine]','Urinary Tract Infection'
URINALYSIS,'Urinary Tract Infection'
'Microscopy, Culture & Sensitivity [Urine]','Urinary Tract Infection'
'Microscopy, Culture & Sensitivity [Urine]','Urinary Tract Infection'
URINALYSIS,'Urinary Tract Infection'
Urinalysis,'Urinary Tract Infection'
'Microscopy, Culture & Sensitivity [Urine]','Urinary Tract Infection'
URINALYSIS,'Urinary Tract Infection'
URINALYSIS,'Urinary Tract Infection'
'Microscopy, Culture & Sensitivity [Urine]','Urinary Tract Infection'
'Microscopy, Culture & Sensitivity [Urine]','Urinary Tract Infection'
URINALYSIS,'Urinary Tract Infection'
'PARACETAMOL 500MG TAB x 1000','Urinary Tract Infection'
URINALYSIS,'Urinary Tract Infection'
URINALYSIS,'Urinary Tract Infection'
'Microscopy, Culture & Sensitivity [Urine]','Urinary Tract Infection'
URINALYSIS,'Urinary Tract Infection'
'VITAMIN C 500MG TAB','Viral Syndrome'
'LIVER FUNCTION TEST','Viral Syndrome'
'Anti HBsAg -Total antibodies to Hepatitis B Surface Antigen (Quantitative)','Viral Syndrome'
'VITAMIN C 125MG/5ML SYRUP','Viral Syndrome'
'ASTYMIN SYRUP','Viral Syndrome'
'Hepatitis C (HCV)','Viral Syndrome'
'ASTYMIN SYRUP','Viral Syndrome'
'VITAMIN C 500MG TAB','Viral Syndrome'
'MULTIVITAMIN CAP x30','Viral Syndrome'
'ASTYMIN SYRUP','Viral Syndrome'
'Anti HBsAg -Total antibodies to Hepatitis B Surface Antigen (Quantitative)','Viral Syndrome'
'VITAMIN C 100MG TAB','Viral Syndrome'
'MULTIVITAMIN SYRUP            ','Viral Syndrome'
'MULTIVITAMIN CAP x30','Viral Syndrome'
'ASTYMIN CAP                   ','Viral Syndrome'
'MULTIVITAMIN CAP x30','Viral Syndrome'
'ASTYMIN CAP                   ','Viral Syndrome'
'VITAMIN C 100MG TAB','Viral Syndrome'
Idoxuridine,'Viral Syndrome'
'VITAMIN C 100MG TAB','Viral Syndrome'
'Ledipasvir + Sofosbuvir','Viral Syndrome'
'Anti HBsAg -Total antibodies to Hepatitis B Surface Antigen (Quantitative)','Viral Syndrome'
'MULTIVITAMIN SYRUP            ','Viral Syndrome'
'ASTYMIN CAP                   ','Viral Syndrome'
Idoxuridine,'Viral Syndrome'
'ASTYMIN CAP                   ','Viral Syndrome'
'ASTYMIN SYRUP','Viral Syndrome'
'ASTYMIN SYRUP','Viral Syndrome'
'VITAMIN B COMPLEX SYRUP','Viral Syndrome'
Lamivudine,'Viral Syndrome'
'VITAMIN C 125MG/5ML SYRUP','Viral Syndrome'
'VITAMIN C 100MG TAB','Viral Syndrome'
'ASTYMIN CAP                   ','Viral Syndrome'
'ASTYMIN CAP                   ','Viral Syndrome'
Sofosbuvir,'Viral Syndrome'
'ASTYMIN SYRUP','Viral Syndrome'
'MULTIVITAMIN CAP x30','Viral Syndrome'
'ASTYMIN SYRUP','Viral Syndrome'
'LIVER FUNCTION TEST','Viral Syndrome'
'VITAMIN C 500MG TAB','Viral Syndrome'
'VITAMIN C 100MG TAB','Viral Syndrome'
Idoxuridine,'Viral Syndrome'
'MULTIVITAMIN SYRUP            ','Viral Syndrome'
Sofosbuvir,'Viral Syndrome'
'Hepatitis C (HCV)','Viral Syndrome'
'MULTIVITAMIN SYRUP            ','Viral Syndrome'
'ASTYMIN CAP                   ','Viral Syndrome'
'MULTIVITAMIN SYRUP            ','Viral Syndrome'
Aciclovir,'Viral Syndrome'
'VITAMIN C 125MG/5ML SYRUP','Viral Syndrome'
'VITAMIN C 125MG/5ML SYRUP','Viral Syndrome'
'VITAMIN C 100MG TAB','Viral Syndrome'
'ASTYMIN CAP                   ','Viral Syndrome'
'ASTYMIN CAP                   ','Viral Syndrome'
'VITAMIN C 500MG TAB','Viral Syndrome'
'MULTIVITAMIN SYRUP            ','Viral Syndrome'
'VITAMIN C 100MG TAB','Viral Syndrome'
'Anti HBsAg -Total antibodies to Hepatitis B Surface Antigen (Quantitative)','Viral Syndrome'
'VITAMIN C 100MG TAB','Viral Syndrome'
'VITAMIN C 100MG TAB','Viral Syndrome'
'VITAMIN C 500MG TAB','Viral Syndrome'
'ASTYMIN CAP                   ','Viral Syndrome'
'Ledipasvir + Sofosbuvir','Viral Syndrome'
'ASTYMIN CAP                   ','Viral Syndrome'
'ASTYMIN CAP                   ','Viral Syndrome'
'Anti HBsAg -Total antibodies to Hepatitis B Surface Antigen (Quantitative)','Viral Syndrome'
Sofosbuvir,'Viral Syndrome'
Idoxuridine,'Viral Syndrome'
'ASTYMIN SYRUP','Viral Syndrome'
'ASTYMIN CAP                   ','Viral Syndrome'
